1402409480632,"Wi-Fi-netwerk van R. Kaasenbrood","90:72:40:14:54:58",-84
1402409480633,"utrecht3515","84:9c:a6:63:e0:86",-63
1402409480633,"SpeedTouch367917","00:18:f6:67:52:c6",-81
1402409480633,"Duvel","e8:40:f2:94:28:db",-64
1402409480633,"FRITZ!Box Fon WLAN 7360","c0:25:06:5a:ed:46",-86
1402409480633,"Ziggo","ea:40:f2:94:28:dc",-64
1402409480634,"Zy_private_E4XHWM","fc:f5:28:92:d1:cc",-81
1402409480634,"FRITZ!Box Guest Access","c6:25:06:5a:ed:46",-89
1402409480634,"HOOGHWINKELNEW_EXT","64:d1:a3:20:4f:17",-80
1402409480634,"Ziggo60CCB","70:18:8b:9c:32:db",-88
1402409480634,"Ziggo","72:18:8b:9c:32:dc",-91
1402409480634,"SpeedTouch2E9098","00:1d:68:73:d5:28",-89
1402409480635,"Sitecom4C0AF6","00:0c:f6:4c:0a:f6",-85
1402409480635,"Vlinder","84:9c:a6:b4:da:52",-89
1402409480635,"VGV75196A7979","50:7e:5d:6a:79:78",-76
1402409480635,"HG655D-CC58EB","72:2b:c1:cc:58:e8",-93
1402409480636,"Dagobert","cc:b2:55:94:57:44",-78
1402409480636,"Scheteris","00:24:8c:2b:ac:cb",-87
1402409481644,"Wi-Fi-netwerk van R. Kaasenbrood","90:72:40:14:54:58",-84
1402409481644,"utrecht3515","84:9c:a6:63:e0:86",-59
1402409481644,"SpeedTouch367917","00:18:f6:67:52:c6",-79
1402409481644,"Duvel","e8:40:f2:94:28:db",-63
1402409481645,"FRITZ!Box Fon WLAN 7360","c0:25:06:5a:ed:46",-86
1402409481648,"Ziggo","ea:40:f2:94:28:dc",-64
1402409481648,"Zy_private_E4XHWM","fc:f5:28:92:d1:cc",-85
1402409481648,"FRITZ!Box Guest Access","c6:25:06:5a:ed:46",-89
1402409481648,"HOOGHWINKELNEW_EXT","64:d1:a3:20:4f:17",-80
1402409481648,"Ziggo60CCB","70:18:8b:9c:32:db",-85
1402409481649,"Ziggo","72:18:8b:9c:32:dc",-87
1402409481649,"SpeedTouch2E9098","00:1d:68:73:d5:28",-89
1402409481649,"Sitecom4C0AF6","00:0c:f6:4c:0a:f6",-85
1402409481649,"Vlinder","84:9c:a6:b4:da:52",-89
1402409481650,"VGV75196A7979","50:7e:5d:6a:79:78",-76
1402409481650,"HG655D-CC58EB","72:2b:c1:cc:58:e8",-91
1402409481671,"Dagobert","cc:b2:55:94:57:44",-83
1402409481671,"Scheteris","00:24:8c:2b:ac:cb",-87
1402409482676,"Wi-Fi-netwerk van R. Kaasenbrood","90:72:40:14:54:58",-78
1402409482677,"utrecht3515","84:9c:a6:63:e0:86",-59
1402409482677,"SpeedTouch367917","00:18:f6:67:52:c6",-81
1402409482677,"Duvel","e8:40:f2:94:28:db",-67
1402409482677,"Ziggo","ea:40:f2:94:28:dc",-68
1402409482677,"Zy_private_E4XHWM","fc:f5:28:92:d1:cc",-85
1402409482677,"FRITZ!Box Guest Access","c6:25:06:5a:ed:46",-89
1402409482677,"HOOGHWINKELNEW_EXT","64:d1:a3:20:4f:17",-77
1402409482677,"Ziggo60CCB","70:18:8b:9c:32:db",-86
1402409482678,"Ziggo","72:18:8b:9c:32:dc",-86
1402409482678,"Sitecom4C0AF6","00:0c:f6:4c:0a:f6",-85
1402409482678,"Vlinder","84:9c:a6:b4:da:52",-93
1402409482678,"VGV75196A7979","50:7e:5d:6a:79:78",-69
1402409482678,"HG655D-CC58EB","72:2b:c1:cc:58:e8",-91
1402409482678,"Dagobert","cc:b2:55:94:57:44",-83
1402409482678,"Scheteris","00:24:8c:2b:ac:cb",-90
1402409482678,"starthere","e0:91:f5:57:be:9e",-87
1402409483694,"Wi-Fi-netwerk van R. Kaasenbrood","90:72:40:14:54:58",-78
1402409483696,"utrecht3515","84:9c:a6:63:e0:86",-65
1402409483696,"SpeedTouch367917","00:18:f6:67:52:c6",-73
1402409483726,"Duvel","e8:40:f2:94:28:db",-72
1402409483726,"Ziggo","ea:40:f2:94:28:dc",-66
1402409483726,"Zy_private_E4XHWM","fc:f5:28:92:d1:cc",-80
1402409483727,"FRITZ!Box Guest Access","c6:25:06:5a:ed:46",-89
1402409483727,"HOOGHWINKELNEW_EXT","64:d1:a3:20:4f:17",-70
1402409483727,"Ziggo60CCB","70:18:8b:9c:32:db",-74
1402409483727,"Ziggo","72:18:8b:9c:32:dc",-75
1402409483727,"Sitecom4C0AF6","00:0c:f6:4c:0a:f6",-84
1402409483727,"Vlinder","84:9c:a6:b4:da:52",-93
1402409483727,"VGV75196A7979","50:7e:5d:6a:79:78",-71
1402409483727,"HG655D-CC58EB","72:2b:c1:cc:58:e8",-91
1402409483727,"Dagobert","cc:b2:55:94:57:44",-83
1402409483727,"Scheteris","00:24:8c:2b:ac:cb",-86
1402409483727,"starthere","e0:91:f5:57:be:9e",-88
1402409484752,"Wi-Fi-netwerk van R. Kaasenbrood","90:72:40:14:54:58",-73
1402409484754,"utrecht3515","84:9c:a6:63:e0:86",-65
1402409484802,"SpeedTouch367917","00:18:f6:67:52:c6",-73
1402409484802,"Duvel","e8:40:f2:94:28:db",-72
1402409484803,"Ziggo","ea:40:f2:94:28:dc",-66
1402409484807,"Zy_private_E4XHWM","fc:f5:28:92:d1:cc",-80
1402409484807,"FRITZ!Box Guest Access","c6:25:06:5a:ed:46",-89
1402409484807,"HOOGHWINKELNEW_EXT","64:d1:a3:20:4f:17",-70
1402409484807,"Ziggo60CCB","70:18:8b:9c:32:db",-74
1402409484807,"Ziggo","72:18:8b:9c:32:dc",-75
1402409484807,"Sitecom4C0AF6","00:0c:f6:4c:0a:f6",-83
1402409484808,"Vlinder","84:9c:a6:b4:da:52",-93
1402409484808,"VGV75196A7979","50:7e:5d:6a:79:78",-72
1402409484808,"HG655D-CC58EB","72:2b:c1:cc:58:e8",-92
1402409484808,"Dagobert","cc:b2:55:94:57:44",-83
1402409484822,"Scheteris","00:24:8c:2b:ac:cb",-86
1402409484822,"starthere","e0:91:f5:57:be:9e",-88
1402409485828,"Wi-Fi-netwerk van R. Kaasenbrood","90:72:40:14:54:58",-77
1402409485829,"utrecht3515","84:9c:a6:63:e0:86",-65
1402409485829,"SpeedTouch367917","00:18:f6:67:52:c6",-73
1402409485829,"Duvel","e8:40:f2:94:28:db",-67
1402409485829,"Ziggo","ea:40:f2:94:28:dc",-66
1402409485830,"Zy_private_E4XHWM","fc:f5:28:92:d1:cc",-80
1402409485830,"FRITZ!Box Guest Access","c6:25:06:5a:ed:46",-85
1402409485850,"HOOGHWINKELNEW_EXT","64:d1:a3:20:4f:17",-75
1402409485850,"Ziggo60CCB","70:18:8b:9c:32:db",-71
1402409485850,"Ziggo","72:18:8b:9c:32:dc",-72
1402409485850,"Sitecom4C0AF6","00:0c:f6:4c:0a:f6",-83
1402409485850,"Vlinder","84:9c:a6:b4:da:52",-93
1402409485850,"VGV75196A7979","50:7e:5d:6a:79:78",-76
1402409485850,"HG655D-CC58EB","72:2b:c1:cc:58:e8",-92
1402409485850,"Dagobert","cc:b2:55:94:57:44",-83
1402409485850,"Scheteris","00:24:8c:2b:ac:cb",-86
1402409485863,"starthere","e0:91:f5:57:be:9e",-88
1402409485863,"FRITZ!Box Fon WLAN 7360","c0:25:06:5a:ed:46",-87
1402409485863,"SpeedTouch2E9098","00:1d:68:73:d5:28",-89
1402409485863,"Tele2modem-internet","00:23:54:85:fd:ca",-90
1402409486880,"Wi-Fi-netwerk van R. Kaasenbrood","90:72:40:14:54:58",-77
1402409486882,"utrecht3515","84:9c:a6:63:e0:86",-67
1402409486882,"SpeedTouch367917","00:18:f6:67:52:c6",-85
1402409486882,"Duvel","e8:40:f2:94:28:db",-72
1402409486933,"Ziggo","ea:40:f2:94:28:dc",-72
1402409486933,"Zy_private_E4XHWM","fc:f5:28:92:d1:cc",-78
1402409486933,"FRITZ!Box Guest Access","c6:25:06:5a:ed:46",-85
1402409486934,"HOOGHWINKELNEW_EXT","64:d1:a3:20:4f:17",-75
1402409486934,"Ziggo60CCB","70:18:8b:9c:32:db",-73
1402409486934,"Ziggo","72:18:8b:9c:32:dc",-73
1402409486935,"Sitecom4C0AF6","00:0c:f6:4c:0a:f6",-83
1402409486935,"Vlinder","84:9c:a6:b4:da:52",-93
1402409486965,"VGV75196A7979","50:7e:5d:6a:79:78",-78
1402409486965,"HG655D-CC58EB","72:2b:c1:cc:58:e8",-91
1402409486965,"Dagobert","cc:b2:55:94:57:44",-83
1402409486966,"Scheteris","00:24:8c:2b:ac:cb",-86
1402409486966,"starthere","e0:91:f5:57:be:9e",-90
1402409486966,"FRITZ!Box Fon WLAN 7360","c0:25:06:5a:ed:46",-87
1402409486966,"SpeedTouch2E9098","00:1d:68:73:d5:28",-89
1402409486978,"Tele2modem-internet","00:23:54:85:fd:ca",-90
1402409487984,"Wi-Fi-netwerk van R. Kaasenbrood","90:72:40:14:54:58",-77
1402409487984,"utrecht3515","84:9c:a6:63:e0:86",-67
1402409487985,"SpeedTouch367917","00:18:f6:67:52:c6",-81
1402409487985,"Duvel","e8:40:f2:94:28:db",-72
1402409487998,"Ziggo","ea:40:f2:94:28:dc",-82
1402409487998,"Zy_private_E4XHWM","fc:f5:28:92:d1:cc",-78
1402409487998,"FRITZ!Box Guest Access","c6:25:06:5a:ed:46",-85
1402409487998,"HOOGHWINKELNEW_EXT","64:d1:a3:20:4f:17",-72
1402409487998,"Ziggo60CCB","70:18:8b:9c:32:db",-78
1402409487998,"Ziggo","72:18:8b:9c:32:dc",-74
1402409488011,"Sitecom4C0AF6","00:0c:f6:4c:0a:f6",-83
1402409488011,"Vlinder","84:9c:a6:b4:da:52",-89
1402409488011,"VGV75196A7979","50:7e:5d:6a:79:78",-75
1402409488011,"HG655D-CC58EB","72:2b:c1:cc:58:e8",-91
1402409488011,"Scheteris","00:24:8c:2b:ac:cb",-86
1402409488023,"starthere","e0:91:f5:57:be:9e",-90
1402409488023,"FRITZ!Box Fon WLAN 7360","c0:25:06:5a:ed:46",-84
1402409488023,"SpeedTouch2E9098","00:1d:68:73:d5:28",-89
1402409488023,"Tele2modem-internet","00:23:54:85:fd:ca",-90
1402409488024,"Mineel","5c:96:9d:66:3e:31",-90
1402409489046,"Wi-Fi-netwerk van R. Kaasenbrood","90:72:40:14:54:58",-73
1402409489047,"utrecht3515","84:9c:a6:63:e0:86",-67
1402409489048,"SpeedTouch367917","00:18:f6:67:52:c6",-77
1402409489048,"Duvel","e8:40:f2:94:28:db",-60
1402409489091,"Ziggo","ea:40:f2:94:28:dc",-62
1402409489092,"Zy_private_E4XHWM","fc:f5:28:92:d1:cc",-78
1402409489092,"FRITZ!Box Guest Access","c6:25:06:5a:ed:46",-81
1402409489092,"HOOGHWINKELNEW_EXT","64:d1:a3:20:4f:17",-68
1402409489092,"Ziggo60CCB","70:18:8b:9c:32:db",-78
1402409489092,"Ziggo","72:18:8b:9c:32:dc",-78
1402409489104,"Sitecom4C0AF6","00:0c:f6:4c:0a:f6",-83
1402409489105,"Vlinder","84:9c:a6:b4:da:52",-89
1402409489105,"VGV75196A7979","50:7e:5d:6a:79:78",-75
1402409489105,"HG655D-CC58EB","72:2b:c1:cc:58:e8",-91
1402409489105,"Scheteris","00:24:8c:2b:ac:cb",-92
1402409489117,"starthere","e0:91:f5:57:be:9e",-90
1402409489117,"FRITZ!Box Fon WLAN 7360","c0:25:06:5a:ed:46",-81
1402409489117,"SpeedTouch2E9098","00:1d:68:73:d5:28",-89
1402409489117,"Tele2modem-internet","00:23:54:85:fd:ca",-86
1402409489130,"Mineel","5c:96:9d:66:3e:31",-90
1402409489130,"chmwidor","98:fc:11:6f:06:8a",-90
1402409490138,"Wi-Fi-netwerk van R. Kaasenbrood","90:72:40:14:54:58",-73
1402409490143,"utrecht3515","84:9c:a6:63:e0:86",-58
1402409490191,"SpeedTouch367917","00:18:f6:67:52:c6",-77
1402409490191,"Duvel","e8:40:f2:94:28:db",-60
1402409490191,"Ziggo","ea:40:f2:94:28:dc",-62
1402409490192,"Zy_private_E4XHWM","fc:f5:28:92:d1:cc",-75
1402409490212,"FRITZ!Box Guest Access","c6:25:06:5a:ed:46",-75
1402409490212,"HOOGHWINKELNEW_EXT","64:d1:a3:20:4f:17",-76
1402409490212,"Ziggo60CCB","70:18:8b:9c:32:db",-78
1402409490212,"Ziggo","72:18:8b:9c:32:dc",-75
1402409490212,"Sitecom4C0AF6","00:0c:f6:4c:0a:f6",-83
1402409490224,"Vlinder","84:9c:a6:b4:da:52",-89
1402409490225,"VGV75196A7979","50:7e:5d:6a:79:78",-75
1402409490225,"HG655D-CC58EB","72:2b:c1:cc:58:e8",-91
1402409490225,"Scheteris","00:24:8c:2b:ac:cb",-92
1402409490237,"starthere","e0:91:f5:57:be:9e",-90
1402409490237,"FRITZ!Box Fon WLAN 7360","c0:25:06:5a:ed:46",-78
1402409490237,"SpeedTouch2E9098","00:1d:68:73:d5:28",-89
1402409490237,"Tele2modem-internet","00:23:54:85:fd:ca",-86
1402409490251,"Mineel","5c:96:9d:66:3e:31",-90
1402409490251,"chmwidor","98:fc:11:6f:06:8a",-90
1402409491276,"Wi-Fi-netwerk van R. Kaasenbrood","90:72:40:14:54:58",-73
1402409491276,"utrecht3515","84:9c:a6:63:e0:86",-58
1402409491276,"SpeedTouch367917","00:18:f6:67:52:c6",-77
1402409491276,"Duvel","e8:40:f2:94:28:db",-60
1402409491291,"Ziggo","ea:40:f2:94:28:dc",-60
1402409491291,"Zy_private_E4XHWM","fc:f5:28:92:d1:cc",-75
1402409491291,"FRITZ!Box Guest Access","c6:25:06:5a:ed:46",-77
1402409491292,"HOOGHWINKELNEW_EXT","64:d1:a3:20:4f:17",-75
1402409491306,"Ziggo60CCB","70:18:8b:9c:32:db",-77
1402409491306,"Ziggo","72:18:8b:9c:32:dc",-77
1402409491306,"Sitecom4C0AF6","00:0c:f6:4c:0a:f6",-83
1402409491307,"Vlinder","84:9c:a6:b4:da:52",-89
1402409491321,"VGV75196A7979","50:7e:5d:6a:79:78",-81
1402409491321,"HG655D-CC58EB","72:2b:c1:cc:58:e8",-91
1402409491321,"Scheteris","00:24:8c:2b:ac:cb",-92
1402409491322,"starthere","e0:91:f5:57:be:9e",-84
1402409491333,"FRITZ!Box Fon WLAN 7360","c0:25:06:5a:ed:46",-74
1402409491333,"SpeedTouch2E9098","00:1d:68:73:d5:28",-89
1402409491333,"Tele2modem-internet","00:23:54:85:fd:ca",-86
1402409491334,"Mineel","5c:96:9d:66:3e:31",-90
1402409491345,"chmwidor","98:fc:11:6f:06:8a",-90
1402409491346,"Thomson93E524","b4:82:fe:93:e5:24",-92
1402409492367,"Wi-Fi-netwerk van R. Kaasenbrood","90:72:40:14:54:58",-74
1402409492432,"utrecht3515","84:9c:a6:63:e0:86",-58
1402409492433,"SpeedTouch367917","00:18:f6:67:52:c6",-75
1402409492434,"Duvel","e8:40:f2:94:28:db",-60
1402409492450,"Ziggo","ea:40:f2:94:28:dc",-60
1402409492450,"Zy_private_E4XHWM","fc:f5:28:92:d1:cc",-82
1402409492450,"FRITZ!Box Guest Access","c6:25:06:5a:ed:46",-77
1402409492450,"HOOGHWINKELNEW_EXT","64:d1:a3:20:4f:17",-77
1402409492468,"Ziggo60CCB","70:18:8b:9c:32:db",-75
1402409492469,"Ziggo","72:18:8b:9c:32:dc",-75
1402409492469,"Sitecom4C0AF6","00:0c:f6:4c:0a:f6",-83
1402409492469,"Vlinder","84:9c:a6:b4:da:52",-89
1402409492483,"VGV75196A7979","50:7e:5d:6a:79:78",-81
1402409492484,"HG655D-CC58EB","72:2b:c1:cc:58:e8",-91
1402409492484,"Scheteris","00:24:8c:2b:ac:cb",-92
1402409492484,"starthere","e0:91:f5:57:be:9e",-84
1402409492496,"FRITZ!Box Fon WLAN 7360","c0:25:06:5a:ed:46",-80
1402409492497,"SpeedTouch2E9098","00:1d:68:73:d5:28",-89
1402409492497,"Tele2modem-internet","00:23:54:85:fd:ca",-86
1402409492509,"Mineel","5c:96:9d:66:3e:31",-90
1402409492510,"chmwidor","98:fc:11:6f:06:8a",-90
1402409492510,"Thomson93E524","b4:82:fe:93:e5:24",-92
1402409493530,"Wi-Fi-netwerk van R. Kaasenbrood","90:72:40:14:54:58",-72
1402409493532,"utrecht3515","84:9c:a6:63:e0:86",-60
1402409493533,"SpeedTouch367917","00:18:f6:67:52:c6",-72
1402409493579,"Duvel","e8:40:f2:94:28:db",-69
1402409493579,"Ziggo","ea:40:f2:94:28:dc",-69
1402409493579,"Zy_private_E4XHWM","fc:f5:28:92:d1:cc",-82
1402409493592,"FRITZ!Box Guest Access","c6:25:06:5a:ed:46",-71
1402409493593,"HOOGHWINKELNEW_EXT","64:d1:a3:20:4f:17",-73
1402409493593,"Ziggo60CCB","70:18:8b:9c:32:db",-75
1402409493605,"Ziggo","72:18:8b:9c:32:dc",-75
1402409493605,"Sitecom4C0AF6","00:0c:f6:4c:0a:f6",-83
1402409493605,"Vlinder","84:9c:a6:b4:da:52",-89
1402409493618,"VGV75196A7979","50:7e:5d:6a:79:78",-82
1402409493618,"Scheteris","00:24:8c:2b:ac:cb",-81
1402409493618,"starthere","e0:91:f5:57:be:9e",-89
1402409493631,"FRITZ!Box Fon WLAN 7360","c0:25:06:5a:ed:46",-77
1402409493631,"SpeedTouch2E9098","00:1d:68:73:d5:28",-89
1402409493631,"Tele2modem-internet","00:23:54:85:fd:ca",-88
1402409493644,"Mineel","5c:96:9d:66:3e:31",-90
1402409493644,"chmwidor","98:fc:11:6f:06:8a",-90
1402409493644,"Thomson93E524","b4:82:fe:93:e5:24",-92
1402409493657,"ARJANHUIJZER-PC_Network-2.4G","c4:3d:c7:91:0d:6e",-91
1402409494665,"Wi-Fi-netwerk van R. Kaasenbrood","90:72:40:14:54:58",-76
1402409494734,"utrecht3515","84:9c:a6:63:e0:86",-60
1402409494734,"SpeedTouch367917","00:18:f6:67:52:c6",-72
1402409494759,"Duvel","e8:40:f2:94:28:db",-63
1402409494759,"Ziggo","ea:40:f2:94:28:dc",-65
1402409494759,"Zy_private_E4XHWM","fc:f5:28:92:d1:cc",-82
1402409494823,"FRITZ!Box Guest Access","c6:25:06:5a:ed:46",-79
1402409494824,"HOOGHWINKELNEW_EXT","64:d1:a3:20:4f:17",-73
1402409494824,"Ziggo60CCB","70:18:8b:9c:32:db",-77
1402409494835,"Ziggo","72:18:8b:9c:32:dc",-76
1402409494835,"VGV75196A7979","50:7e:5d:6a:79:78",-82
1402409494836,"Scheteris","00:24:8c:2b:ac:cb",-77
1402409494847,"starthere","e0:91:f5:57:be:9e",-89
1402409494848,"FRITZ!Box Fon WLAN 7360","c0:25:06:5a:ed:46",-77
1402409494862,"SpeedTouch2E9098","00:1d:68:73:d5:28",-89
1402409494862,"Tele2modem-internet","00:23:54:85:fd:ca",-88
1402409494862,"chmwidor","98:fc:11:6f:06:8a",-90
1402409494879,"Thomson93E524","b4:82:fe:93:e5:24",-92
1402409494880,"ARJANHUIJZER-PC_Network-2.4G","c4:3d:c7:91:0d:6e",-91
1402409494880,"Wi-Fi-netwerk van R. Kaasenbrood","90:72:40:14:54:59",-94
1402409494891,"Mr-Brown","7a:cb:a8:62:76:bc",-91
1402409494891,"","00:10:c6:39:97:13",-91
1402409495912,"Wi-Fi-netwerk van R. Kaasenbrood","90:72:40:14:54:58",-72
1402409495982,"utrecht3515","84:9c:a6:63:e0:86",-60
1402409495982,"SpeedTouch367917","00:18:f6:67:52:c6",-72
1402409496012,"Duvel","e8:40:f2:94:28:db",-63
1402409496013,"Ziggo","ea:40:f2:94:28:dc",-65
1402409496013,"Zy_private_E4XHWM","fc:f5:28:92:d1:cc",-79
1402409496026,"FRITZ!Box Guest Access","c6:25:06:5a:ed:46",-83
1402409496026,"HOOGHWINKELNEW_EXT","64:d1:a3:20:4f:17",-78
1402409496038,"Ziggo60CCB","70:18:8b:9c:32:db",-82
1402409496038,"Ziggo","72:18:8b:9c:32:dc",-79
1402409496050,"VGV75196A7979","50:7e:5d:6a:79:78",-86
1402409496051,"Scheteris","00:24:8c:2b:ac:cb",-77
1402409496051,"starthere","e0:91:f5:57:be:9e",-85
1402409496063,"FRITZ!Box Fon WLAN 7360","c0:25:06:5a:ed:46",-82
1402409496063,"Tele2modem-internet","00:23:54:85:fd:ca",-88
1402409496063,"Thomson93E524","b4:82:fe:93:e5:24",-92
1402409496076,"ARJANHUIJZER-PC_Network-2.4G","c4:3d:c7:91:0d:6e",-91
1402409496076,"Wi-Fi-netwerk van R. Kaasenbrood","90:72:40:14:54:59",-94
1402409496076,"Mr-Brown","7a:cb:a8:62:76:bc",-91
1402409496088,"","00:10:c6:39:97:13",-91
1402409496089,"Vlinder","84:9c:a6:b4:da:52",-79
1402409497100,"Wi-Fi-netwerk van R. Kaasenbrood","90:72:40:14:54:58",-70
1402409497101,"utrecht3515","84:9c:a6:63:e0:86",-56
1402409497124,"SpeedTouch367917","00:18:f6:67:52:c6",-69
1402409497124,"Duvel","e8:40:f2:94:28:db",-63
1402409497136,"Ziggo","ea:40:f2:94:28:dc",-63
1402409497136,"Zy_private_E4XHWM","fc:f5:28:92:d1:cc",-81
1402409497148,"FRITZ!Box Guest Access","c6:25:06:5a:ed:46",-79
1402409497148,"HOOGHWINKELNEW_EXT","64:d1:a3:20:4f:17",-78
1402409497160,"Ziggo60CCB","70:18:8b:9c:32:db",-78
1402409497160,"Ziggo","72:18:8b:9c:32:dc",-79
1402409497172,"VGV75196A7979","50:7e:5d:6a:79:78",-79
1402409497172,"Scheteris","00:24:8c:2b:ac:cb",-77
1402409497185,"starthere","e0:91:f5:57:be:9e",-84
1402409497185,"FRITZ!Box Fon WLAN 7360","c0:25:06:5a:ed:46",-81
1402409497197,"Tele2modem-internet","00:23:54:85:fd:ca",-89
1402409497197,"Thomson93E524","b4:82:fe:93:e5:24",-92
1402409497209,"ARJANHUIJZER-PC_Network-2.4G","c4:3d:c7:91:0d:6e",-91
1402409497209,"Wi-Fi-netwerk van R. Kaasenbrood","90:72:40:14:54:59",-94
1402409497221,"Mr-Brown","7a:cb:a8:62:76:bc",-91
1402409497221,"","00:10:c6:39:97:13",-91
1402409497233,"Vlinder","84:9c:a6:b4:da:52",-82
1402409498243,"Wi-Fi-netwerk van R. Kaasenbrood","90:72:40:14:54:58",-74
1402409498268,"utrecht3515","84:9c:a6:63:e0:86",-56
1402409498269,"SpeedTouch367917","00:18:f6:67:52:c6",-70
1402409498269,"Duvel","e8:40:f2:94:28:db",-61
1402409498299,"Ziggo","ea:40:f2:94:28:dc",-62
1402409498300,"Zy_private_E4XHWM","fc:f5:28:92:d1:cc",-83
1402409498324,"FRITZ!Box Guest Access","c6:25:06:5a:ed:46",-79
1402409498324,"HOOGHWINKELNEW_EXT","64:d1:a3:20:4f:17",-80
1402409498336,"Ziggo60CCB","70:18:8b:9c:32:db",-80
1402409498336,"Ziggo","72:18:8b:9c:32:dc",-80
1402409498348,"VGV75196A7979","50:7e:5d:6a:79:78",-83
1402409498348,"Scheteris","00:24:8c:2b:ac:cb",-77
1402409498359,"starthere","e0:91:f5:57:be:9e",-88
1402409498360,"FRITZ!Box Fon WLAN 7360","c0:25:06:5a:ed:46",-81
1402409498372,"Tele2modem-internet","00:23:54:85:fd:ca",-88
1402409498384,"ARJANHUIJZER-PC_Network-2.4G","c4:3d:c7:91:0d:6e",-91
1402409498384,"Wi-Fi-netwerk van R. Kaasenbrood","90:72:40:14:54:59",-95
1402409498384,"Mr-Brown","7a:cb:a8:62:76:bc",-91
1402409498396,"","00:10:c6:39:97:13",-93
1402409498396,"Vlinder","84:9c:a6:b4:da:52",-82
1402409498408,"chmwidor","98:fc:11:6f:06:8a",-90
1402409499414,"Wi-Fi-netwerk van R. Kaasenbrood","90:72:40:14:54:58",-74
1402409499426,"utrecht3515","84:9c:a6:63:e0:86",-56
1402409499427,"SpeedTouch367917","00:18:f6:67:52:c6",-78
1402409499439,"Duvel","e8:40:f2:94:28:db",-61
1402409499439,"Ziggo","ea:40:f2:94:28:dc",-62
1402409499451,"Zy_private_E4XHWM","fc:f5:28:92:d1:cc",-83
1402409499451,"FRITZ!Box Guest Access","c6:25:06:5a:ed:46",-83
1402409499463,"HOOGHWINKELNEW_EXT","64:d1:a3:20:4f:17",-80
1402409499474,"Ziggo60CCB","70:18:8b:9c:32:db",-83
1402409499475,"Ziggo","72:18:8b:9c:32:dc",-81
1402409499475,"VGV75196A7979","50:7e:5d:6a:79:78",-76
1402409499487,"Scheteris","00:24:8c:2b:ac:cb",-82
1402409499487,"starthere","e0:91:f5:57:be:9e",-89
1402409499498,"FRITZ!Box Fon WLAN 7360","c0:25:06:5a:ed:46",-83
1402409499499,"Tele2modem-internet","00:23:54:85:fd:ca",-90
1402409499510,"ARJANHUIJZER-PC_Network-2.4G","c4:3d:c7:91:0d:6e",-91
1402409499522,"Wi-Fi-netwerk van R. Kaasenbrood","90:72:40:14:54:59",-95
1402409499522,"Mr-Brown","7a:cb:a8:62:76:bc",-91
1402409499522,"","00:10:c6:39:97:13",-93
1402409499535,"Vlinder","84:9c:a6:b4:da:52",-82
1402409499535,"chmwidor","98:fc:11:6f:06:8a",-90
1402409499547,"HG655D-CC58EB","72:2b:c1:cc:58:e8",-88
1402409499547,"Online gast","ba:8d:12:62:61:46",-90
1402409500696,"Wi-Fi-netwerk van R. Kaasenbrood","90:72:40:14:54:58",-73
1402409500708,"utrecht3515","84:9c:a6:63:e0:86",-51
1402409500708,"SpeedTouch367917","00:18:f6:67:52:c6",-71
1402409500709,"Duvel","e8:40:f2:94:28:db",-57
1402409500722,"Ziggo","ea:40:f2:94:28:dc",-58
1402409500722,"Zy_private_E4XHWM","fc:f5:28:92:d1:cc",-83
1402409500734,"FRITZ!Box Guest Access","c6:25:06:5a:ed:46",-87
1402409500734,"HOOGHWINKELNEW_EXT","64:d1:a3:20:4f:17",-76
1402409500746,"Ziggo60CCB","70:18:8b:9c:32:db",-84
1402409500746,"Ziggo","72:18:8b:9c:32:dc",-83
1402409500758,"VGV75196A7979","50:7e:5d:6a:79:78",-71
1402409500758,"Scheteris","00:24:8c:2b:ac:cb",-82
1402409500770,"starthere","e0:91:f5:57:be:9e",-89
1402409500771,"FRITZ!Box Fon WLAN 7360","c0:25:06:5a:ed:46",-83
1402409500783,"Tele2modem-internet","00:23:54:85:fd:ca",-90
1402409500783,"Wi-Fi-netwerk van R. Kaasenbrood","90:72:40:14:54:59",-93
1402409500795,"Mr-Brown","7a:cb:a8:62:76:bc",-91
1402409500795,"","00:10:c6:39:97:13",-93
1402409500807,"Vlinder","84:9c:a6:b4:da:52",-80
1402409500807,"chmwidor","98:fc:11:6f:06:8a",-90
1402409500819,"HG655D-CC58EB","72:2b:c1:cc:58:e8",-90
1402409500831,"Online gast","ba:8d:12:62:61:46",-90
1402409502009,"Wi-Fi-netwerk van R. Kaasenbrood","90:72:40:14:54:58",-73
1402409502010,"utrecht3515","84:9c:a6:63:e0:86",-51
1402409502010,"SpeedTouch367917","00:18:f6:67:52:c6",-76
1402409502022,"Duvel","e8:40:f2:94:28:db",-61
1402409502022,"Ziggo","ea:40:f2:94:28:dc",-61
1402409502035,"Zy_private_E4XHWM","fc:f5:28:92:d1:cc",-83
1402409502046,"FRITZ!Box Guest Access","c6:25:06:5a:ed:46",-84
1402409502047,"HOOGHWINKELNEW_EXT","64:d1:a3:20:4f:17",-76
1402409502059,"Ziggo60CCB","70:18:8b:9c:32:db",-84
1402409502059,"Ziggo","72:18:8b:9c:32:dc",-82
1402409502071,"VGV75196A7979","50:7e:5d:6a:79:78",-82
1402409502071,"Scheteris","00:24:8c:2b:ac:cb",-82
1402409502083,"starthere","e0:91:f5:57:be:9e",-90
1402409502083,"FRITZ!Box Fon WLAN 7360","c0:25:06:5a:ed:46",-83
1402409502095,"Tele2modem-internet","00:23:54:85:fd:ca",-90
1402409502095,"Wi-Fi-netwerk van R. Kaasenbrood","90:72:40:14:54:59",-93
1402409502107,"","00:10:c6:39:97:13",-93
1402409502107,"Vlinder","84:9c:a6:b4:da:52",-85
1402409502119,"chmwidor","98:fc:11:6f:06:8a",-90
1402409502119,"HG655D-CC58EB","72:2b:c1:cc:58:e8",-90
1402409502131,"Online gast","ba:8d:12:62:61:46",-90
1402409502131,"SitecomA1834C","00:0c:f6:a1:83:4c",-84
1402409502143,"SpeedTouch2E9098","00:1d:68:73:d5:28",-89
1402409502143,"SpeedTouch0D6220","00:11:f5:da:75:1b",-90
1402409503352,"Wi-Fi-netwerk van R. Kaasenbrood","90:72:40:14:54:58",-69
1402409503366,"utrecht3515","84:9c:a6:63:e0:86",-51
1402409503366,"SpeedTouch367917","00:18:f6:67:52:c6",-71
1402409503379,"Duvel","e8:40:f2:94:28:db",-54
1402409503379,"Ziggo","ea:40:f2:94:28:dc",-54
1402409503391,"Zy_private_E4XHWM","fc:f5:28:92:d1:cc",-83
1402409503392,"FRITZ!Box Guest Access","c6:25:06:5a:ed:46",-80
1402409503404,"HOOGHWINKELNEW_EXT","64:d1:a3:20:4f:17",-78
1402409503416,"Ziggo60CCB","70:18:8b:9c:32:db",-84
1402409503417,"Ziggo","72:18:8b:9c:32:dc",-82
1402409503429,"VGV75196A7979","50:7e:5d:6a:79:78",-82
1402409503429,"Scheteris","00:24:8c:2b:ac:cb",-78
1402409503441,"starthere","e0:91:f5:57:be:9e",-85
1402409503441,"FRITZ!Box Fon WLAN 7360","c0:25:06:5a:ed:46",-79
1402409503454,"Tele2modem-internet","00:23:54:85:fd:ca",-88
1402409503454,"Wi-Fi-netwerk van R. Kaasenbrood","90:72:40:14:54:59",-93
1402409503477,"","00:10:c6:39:97:13",-93
1402409503491,"Vlinder","84:9c:a6:b4:da:52",-85
1402409503491,"chmwidor","98:fc:11:6f:06:8a",-90
1402409503505,"HG655D-CC58EB","72:2b:c1:cc:58:e8",-90
1402409503505,"Online gast","ba:8d:12:62:61:46",-90
1402409503517,"SitecomA1834C","00:0c:f6:a1:83:4c",-84
1402409503518,"SpeedTouch2E9098","00:1d:68:73:d5:28",-89
1402409503531,"SpeedTouch0D6220","00:11:f5:da:75:1b",-90
1402409503531,"Mineel","5c:96:9d:66:3e:31",-86
1402409504824,"Wi-Fi-netwerk van R. Kaasenbrood","90:72:40:14:54:58",-72
1402409504825,"utrecht3515","84:9c:a6:63:e0:86",-52
1402409504837,"SpeedTouch367917","00:18:f6:67:52:c6",-67
1402409504837,"Duvel","e8:40:f2:94:28:db",-50
1402409504849,"Ziggo","ea:40:f2:94:28:dc",-54
1402409504861,"Zy_private_E4XHWM","fc:f5:28:92:d1:cc",-83
1402409504873,"FRITZ!Box Guest Access","c6:25:06:5a:ed:46",-78
1402409504874,"HOOGHWINKELNEW_EXT","64:d1:a3:20:4f:17",-77
1402409504886,"Ziggo60CCB","70:18:8b:9c:32:db",-84
1402409504897,"Ziggo","72:18:8b:9c:32:dc",-82
1402409504898,"VGV75196A7979","50:7e:5d:6a:79:78",-82
1402409504910,"Scheteris","00:24:8c:2b:ac:cb",-78
1402409504921,"starthere","e0:91:f5:57:be:9e",-85
1402409504933,"FRITZ!Box Fon WLAN 7360","c0:25:06:5a:ed:46",-77
1402409504934,"Tele2modem-internet","00:23:54:85:fd:ca",-88
1402409504946,"Wi-Fi-netwerk van R. Kaasenbrood","90:72:40:14:54:59",-93
1402409504958,"","00:10:c6:39:97:13",-89
1402409504970,"Vlinder","84:9c:a6:b4:da:52",-81
1402409504970,"chmwidor","98:fc:11:6f:06:8a",-90
1402409504983,"HG655D-CC58EB","72:2b:c1:cc:58:e8",-90
1402409504995,"Online gast","ba:8d:12:62:61:46",-90
1402409504995,"SitecomA1834C","00:0c:f6:a1:83:4c",-84
1402409505007,"SpeedTouch2E9098","00:1d:68:73:d5:28",-89
1402409505019,"SpeedTouch0D6220","00:11:f5:da:75:1b",-90
1402409505031,"Mineel","5c:96:9d:66:3e:31",-86
1402409506377,"Wi-Fi-netwerk van R. Kaasenbrood","90:72:40:14:54:58",-79
1402409506390,"utrecht3515","84:9c:a6:63:e0:86",-52
1402409506390,"SpeedTouch367917","00:18:f6:67:52:c6",-68
1402409506403,"Duvel","e8:40:f2:94:28:db",-62
1402409506403,"Ziggo","ea:40:f2:94:28:dc",-62
1402409506416,"Zy_private_E4XHWM","fc:f5:28:92:d1:cc",-79
1402409506416,"FRITZ!Box Guest Access","c6:25:06:5a:ed:46",-78
1402409506428,"HOOGHWINKELNEW_EXT","64:d1:a3:20:4f:17",-69
1402409506440,"Ziggo60CCB","70:18:8b:9c:32:db",-80
1402409506440,"Ziggo","72:18:8b:9c:32:dc",-77
1402409506452,"VGV75196A7979","50:7e:5d:6a:79:78",-83
1402409506452,"Scheteris","00:24:8c:2b:ac:cb",-79
1402409506464,"starthere","e0:91:f5:57:be:9e",-85
1402409506464,"FRITZ!Box Fon WLAN 7360","c0:25:06:5a:ed:46",-76
1402409506476,"Tele2modem-internet","00:23:54:85:fd:ca",-80
1402409506476,"Wi-Fi-netwerk van R. Kaasenbrood","90:72:40:14:54:59",-97
1402409506488,"","00:10:c6:39:97:13",-89
1402409506500,"Vlinder","84:9c:a6:b4:da:52",-84
1402409506500,"HG655D-CC58EB","72:2b:c1:cc:58:e8",-90
1402409506512,"Online gast","ba:8d:12:62:61:46",-90
1402409506512,"SitecomA1834C","00:0c:f6:a1:83:4c",-84
1402409506524,"SpeedTouch2E9098","00:1d:68:73:d5:28",-89
1402409506524,"SpeedTouch0D6220","00:11:f5:da:75:1b",-90
1402409506536,"Mineel","5c:96:9d:66:3e:31",-85
1402409508002,"Wi-Fi-netwerk van R. Kaasenbrood","90:72:40:14:54:58",-74
1402409508014,"utrecht3515","84:9c:a6:63:e0:86",-60
1402409508028,"SpeedTouch367917","00:18:f6:67:52:c6",-75
1402409508041,"Duvel","e8:40:f2:94:28:db",-58
1402409508053,"Ziggo","ea:40:f2:94:28:dc",-58
1402409508066,"Zy_private_E4XHWM","fc:f5:28:92:d1:cc",-79
1402409508078,"FRITZ!Box Guest Access","c6:25:06:5a:ed:46",-78
1402409508090,"HOOGHWINKELNEW_EXT","64:d1:a3:20:4f:17",-69
1402409508103,"Ziggo60CCB","70:18:8b:9c:32:db",-76
1402409508115,"Ziggo","72:18:8b:9c:32:dc",-73
1402409508115,"VGV75196A7979","50:7e:5d:6a:79:78",-83
1402409508127,"Scheteris","00:24:8c:2b:ac:cb",-80
1402409508139,"starthere","e0:91:f5:57:be:9e",-85
1402409508151,"FRITZ!Box Fon WLAN 7360","c0:25:06:5a:ed:46",-76
1402409508163,"Tele2modem-internet","00:23:54:85:fd:ca",-84
1402409508176,"Wi-Fi-netwerk van R. Kaasenbrood","90:72:40:14:54:59",-96
1402409508187,"","00:10:c6:39:97:13",-89
1402409508199,"Vlinder","84:9c:a6:b4:da:52",-84
1402409508211,"HG655D-CC58EB","72:2b:c1:cc:58:e8",-90
1402409508224,"SitecomA1834C","00:0c:f6:a1:83:4c",-84
1402409508235,"SpeedTouch2E9098","00:1d:68:73:d5:28",-89
1402409508248,"SpeedTouch0D6220","00:11:f5:da:75:1b",-90
1402409508260,"Mineel","5c:96:9d:66:3e:31",-85
1402409509814,"Wi-Fi-netwerk van R. Kaasenbrood","90:72:40:14:54:58",-70
1402409509848,"utrecht3515","84:9c:a6:63:e0:86",-60
1402409509849,"SpeedTouch367917","00:18:f6:67:52:c6",-75
1402409509874,"Duvel","e8:40:f2:94:28:db",-56
1402409509886,"Ziggo","ea:40:f2:94:28:dc",-56
1402409509886,"Zy_private_E4XHWM","fc:f5:28:92:d1:cc",-79
1402409509901,"FRITZ!Box Guest Access","c6:25:06:5a:ed:46",-78
1402409509901,"HOOGHWINKELNEW_EXT","64:d1:a3:20:4f:17",-75
1402409509913,"Ziggo60CCB","70:18:8b:9c:32:db",-74
1402409509926,"Ziggo","72:18:8b:9c:32:dc",-77
1402409509938,"VGV75196A7979","50:7e:5d:6a:79:78",-80
1402409509950,"Scheteris","00:24:8c:2b:ac:cb",-79
1402409509951,"starthere","e0:91:f5:57:be:9e",-85
1402409509965,"FRITZ!Box Fon WLAN 7360","c0:25:06:5a:ed:46",-80
1402409509966,"Tele2modem-internet","00:23:54:85:fd:ca",-88
1402409509978,"Wi-Fi-netwerk van R. Kaasenbrood","90:72:40:14:54:59",-96
1402409509990,"","00:10:c6:39:97:13",-89
1402409510002,"Vlinder","84:9c:a6:b4:da:52",-84
1402409510014,"SitecomA1834C","00:0c:f6:a1:83:4c",-84
1402409510014,"SpeedTouch2E9098","00:1d:68:73:d5:28",-89
1402409510028,"SpeedTouch0D6220","00:11:f5:da:75:1b",-90
1402409510042,"Mineel","5c:96:9d:66:3e:31",-85
1402409511592,"Wi-Fi-netwerk van R. Kaasenbrood","90:72:40:14:54:58",-77
1402409511629,"utrecht3515","84:9c:a6:63:e0:86",-50
1402409511629,"SpeedTouch367917","00:18:f6:67:52:c6",-79
1402409511642,"Duvel","e8:40:f2:94:28:db",-63
1402409511654,"Ziggo","ea:40:f2:94:28:dc",-62
1402409511666,"Zy_private_E4XHWM","fc:f5:28:92:d1:cc",-80
1402409511666,"FRITZ!Box Guest Access","c6:25:06:5a:ed:46",-75
1402409511678,"HOOGHWINKELNEW_EXT","64:d1:a3:20:4f:17",-75
1402409511690,"Ziggo60CCB","70:18:8b:9c:32:db",-74
1402409511690,"Ziggo","72:18:8b:9c:32:dc",-73
1402409511702,"VGV75196A7979","50:7e:5d:6a:79:78",-80
1402409511714,"Scheteris","00:24:8c:2b:ac:cb",-79
1402409511726,"FRITZ!Box Fon WLAN 7360","c0:25:06:5a:ed:46",-75
1402409511727,"Tele2modem-internet","00:23:54:85:fd:ca",-88
1402409511739,"Wi-Fi-netwerk van R. Kaasenbrood","90:72:40:14:54:59",-96
1402409511751,"","00:10:c6:39:97:13",-89
1402409511763,"Vlinder","84:9c:a6:b4:da:52",-80
1402409511763,"Mineel","5c:96:9d:66:3e:31",-85
1402409511775,"CORRYHENK","00:18:f6:ec:07:28",-92
1402409513520,"Wi-Fi-netwerk van R. Kaasenbrood","90:72:40:14:54:58",-67
1402409513532,"utrecht3515","84:9c:a6:63:e0:86",-55
1402409513545,"SpeedTouch367917","00:18:f6:67:52:c6",-72
1402409513557,"Duvel","e8:40:f2:94:28:db",-60
1402409513569,"Ziggo","ea:40:f2:94:28:dc",-62
1402409513581,"Zy_private_E4XHWM","fc:f5:28:92:d1:cc",-84
1402409513593,"FRITZ!Box Guest Access","c6:25:06:5a:ed:46",-76
1402409513605,"HOOGHWINKELNEW_EXT","64:d1:a3:20:4f:17",-77
1402409513618,"Ziggo60CCB","70:18:8b:9c:32:db",-74
1402409513630,"Ziggo","72:18:8b:9c:32:dc",-73
1402409513642,"VGV75196A7979","50:7e:5d:6a:79:78",-80
1402409513654,"Scheteris","00:24:8c:2b:ac:cb",-82
1402409513666,"FRITZ!Box Fon WLAN 7360","c0:25:06:5a:ed:46",-75
1402409513679,"Tele2modem-internet","00:23:54:85:fd:ca",-88
1402409513692,"Wi-Fi-netwerk van R. Kaasenbrood","90:72:40:14:54:59",-92
1402409513704,"Vlinder","84:9c:a6:b4:da:52",-80
1402409513716,"Mineel","5c:96:9d:66:3e:31",-85
1402409513728,"CORRYHENK","00:18:f6:ec:07:28",-92
1402409515372,"Wi-Fi-netwerk van R. Kaasenbrood","90:72:40:14:54:58",-72
1402409515384,"utrecht3515","84:9c:a6:63:e0:86",-55
1402409515384,"SpeedTouch367917","00:18:f6:67:52:c6",-72
1402409515397,"Duvel","e8:40:f2:94:28:db",-59
1402409515397,"Ziggo","ea:40:f2:94:28:dc",-59
1402409515432,"Zy_private_E4XHWM","fc:f5:28:92:d1:cc",-81
1402409515432,"FRITZ!Box Guest Access","c6:25:06:5a:ed:46",-84
1402409515444,"HOOGHWINKELNEW_EXT","64:d1:a3:20:4f:17",-77
1402409515456,"Ziggo60CCB","70:18:8b:9c:32:db",-75
1402409515457,"Ziggo","72:18:8b:9c:32:dc",-76
1402409515494,"VGV75196A7979","50:7e:5d:6a:79:78",-81
1402409515494,"Scheteris","00:24:8c:2b:ac:cb",-82
1402409515523,"FRITZ!Box Fon WLAN 7360","c0:25:06:5a:ed:46",-75
1402409515524,"Tele2modem-internet","00:23:54:85:fd:ca",-88
1402409515547,"Wi-Fi-netwerk van R. Kaasenbrood","90:72:40:14:54:59",-92
1402409515562,"Vlinder","84:9c:a6:b4:da:52",-80
1402409515562,"CORRYHENK","00:18:f6:ec:07:28",-92
1402409515593,"","00:10:c6:39:97:13",-93
1402409517330,"Wi-Fi-netwerk van R. Kaasenbrood","90:72:40:14:54:58",-72
1402409517348,"utrecht3515","84:9c:a6:63:e0:86",-53
1402409517349,"SpeedTouch367917","00:18:f6:67:52:c6",-68
1402409517362,"Duvel","e8:40:f2:94:28:db",-55
1402409517362,"Ziggo","ea:40:f2:94:28:dc",-55
1402409517397,"Zy_private_E4XHWM","fc:f5:28:92:d1:cc",-83
1402409517397,"FRITZ!Box Guest Access","c6:25:06:5a:ed:46",-81
1402409517425,"HOOGHWINKELNEW_EXT","64:d1:a3:20:4f:17",-73
1402409517426,"Ziggo60CCB","70:18:8b:9c:32:db",-75
1402409517440,"Ziggo","72:18:8b:9c:32:dc",-80
1402409517441,"VGV75196A7979","50:7e:5d:6a:79:78",-82
1402409517455,"Scheteris","00:24:8c:2b:ac:cb",-81
1402409517455,"FRITZ!Box Fon WLAN 7360","c0:25:06:5a:ed:46",-78
1402409517469,"Tele2modem-internet","00:23:54:85:fd:ca",-86
1402409517469,"Wi-Fi-netwerk van R. Kaasenbrood","90:72:40:14:54:59",-92
1402409517483,"Vlinder","84:9c:a6:b4:da:52",-80
1402409517484,"CORRYHENK","00:18:f6:ec:07:28",-92
1402409517498,"","00:10:c6:39:97:13",-93
1402409517498,"Mineel","5c:96:9d:66:3e:31",-84
1402409517512,"Mr-Brown","7a:cb:a8:62:76:bc",-91
1402409519322,"Wi-Fi-netwerk van R. Kaasenbrood","90:72:40:14:54:58",-68
1402409519335,"utrecht3515","84:9c:a6:63:e0:86",-53
1402409519335,"SpeedTouch367917","00:18:f6:67:52:c6",-73
1402409519347,"Duvel","e8:40:f2:94:28:db",-55
1402409519351,"Ziggo","ea:40:f2:94:28:dc",-55
1402409519383,"Zy_private_E4XHWM","fc:f5:28:92:d1:cc",-77
1402409519388,"FRITZ!Box Guest Access","c6:25:06:5a:ed:46",-81
1402409519419,"HOOGHWINKELNEW_EXT","64:d1:a3:20:4f:17",-74
1402409519419,"Ziggo60CCB","70:18:8b:9c:32:db",-75
1402409519434,"Ziggo","72:18:8b:9c:32:dc",-83
1402409519434,"VGV75196A7979","50:7e:5d:6a:79:78",-82
1402409519445,"Scheteris","00:24:8c:2b:ac:cb",-81
1402409519460,"FRITZ!Box Fon WLAN 7360","c0:25:06:5a:ed:46",-79
1402409519460,"Tele2modem-internet","00:23:54:85:fd:ca",-88
1402409519474,"Wi-Fi-netwerk van R. Kaasenbrood","90:72:40:14:54:59",-93
1402409519475,"Vlinder","84:9c:a6:b4:da:52",-85
1402409519489,"CORRYHENK","00:18:f6:ec:07:28",-92
1402409519489,"","00:10:c6:39:97:13",-93
1402409519503,"Mineel","5c:96:9d:66:3e:31",-84
1402409519504,"Mr-Brown","7a:cb:a8:62:76:bc",-91
1402409519518,"Online gast","ba:8d:12:62:61:46",-89
1402409519518,"starthere","e0:91:f5:57:be:9e",-92
1402409521382,"Wi-Fi-netwerk van R. Kaasenbrood","90:72:40:14:54:58",-76
1402409521415,"utrecht3515","84:9c:a6:63:e0:86",-47
1402409521416,"SpeedTouch367917","00:18:f6:67:52:c6",-72
1402409521430,"Duvel","e8:40:f2:94:28:db",-59
1402409521433,"Ziggo","ea:40:f2:94:28:dc",-56
1402409521446,"Zy_private_E4XHWM","fc:f5:28:92:d1:cc",-85
1402409521458,"FRITZ!Box Guest Access","c6:25:06:5a:ed:46",-88
1402409521461,"HOOGHWINKELNEW_EXT","64:d1:a3:20:4f:17",-74
1402409521478,"Ziggo60CCB","70:18:8b:9c:32:db",-85
1402409521497,"Ziggo","72:18:8b:9c:32:dc",-83
1402409521497,"VGV75196A7979","50:7e:5d:6a:79:78",-79
1402409521515,"Scheteris","00:24:8c:2b:ac:cb",-82
1402409521518,"FRITZ!Box Fon WLAN 7360","c0:25:06:5a:ed:46",-79
1402409521535,"Tele2modem-internet","00:23:54:85:fd:ca",-88
1402409521549,"Wi-Fi-netwerk van R. Kaasenbrood","90:72:40:14:54:59",-91
1402409521550,"Vlinder","84:9c:a6:b4:da:52",-85
1402409521564,"","00:10:c6:39:97:13",-93
1402409521566,"Mineel","5c:96:9d:66:3e:31",-84
1402409521591,"Mr-Brown","7a:cb:a8:62:76:bc",-91
1402409521595,"Online gast","ba:8d:12:62:61:46",-89
1402409521621,"starthere","e0:91:f5:57:be:9e",-92
1402409523538,"Wi-Fi-netwerk van R. Kaasenbrood","90:72:40:14:54:58",-79
1402409523551,"utrecht3515","84:9c:a6:63:e0:86",-50
1402409523551,"SpeedTouch367917","00:18:f6:67:52:c6",-68
1402409523567,"Duvel","e8:40:f2:94:28:db",-57
1402409523568,"Ziggo","ea:40:f2:94:28:dc",-57
1402409523579,"Zy_private_E4XHWM","fc:f5:28:92:d1:cc",-84
1402409523594,"FRITZ!Box Guest Access","c6:25:06:5a:ed:46",-84
1402409523595,"HOOGHWINKELNEW_EXT","64:d1:a3:20:4f:17",-76
1402409523609,"Ziggo60CCB","70:18:8b:9c:32:db",-85
1402409523612,"Ziggo","72:18:8b:9c:32:dc",-83
1402409523625,"VGV75196A7979","50:7e:5d:6a:79:78",-83
1402409523628,"Scheteris","00:24:8c:2b:ac:cb",-79
1402409523640,"FRITZ!Box Fon WLAN 7360","c0:25:06:5a:ed:46",-81
1402409523671,"Tele2modem-internet","00:23:54:85:fd:ca",-88
1402409523674,"Wi-Fi-netwerk van R. Kaasenbrood","90:72:40:14:54:59",-93
1402409523687,"Vlinder","84:9c:a6:b4:da:52",-85
1402409523723,"","00:10:c6:39:97:13",-91
1402409523726,"Mineel","5c:96:9d:66:3e:31",-84
1402409523739,"Mr-Brown","7a:cb:a8:62:76:bc",-91
1402409523753,"Online gast","ba:8d:12:62:61:46",-89
1402409523754,"starthere","e0:91:f5:57:be:9e",-92
1402409523769,"Online","b8:8d:12:62:61:45",-84
1402409523773,"CORRYHENK","00:18:f6:ec:07:28",-90
1402409525782,"Wi-Fi-netwerk van R. Kaasenbrood","90:72:40:14:54:58",-70
1402409525795,"utrecht3515","84:9c:a6:63:e0:86",-50
1402409525830,"SpeedTouch367917","00:18:f6:67:52:c6",-68
1402409525830,"Duvel","e8:40:f2:94:28:db",-57
1402409525865,"Ziggo","ea:40:f2:94:28:dc",-57
1402409525866,"Zy_private_E4XHWM","fc:f5:28:92:d1:cc",-86
1402409525882,"FRITZ!Box Guest Access","c6:25:06:5a:ed:46",-78
1402409525896,"HOOGHWINKELNEW_EXT","64:d1:a3:20:4f:17",-72
1402409525896,"Ziggo60CCB","70:18:8b:9c:32:db",-85
1402409525911,"Ziggo","72:18:8b:9c:32:dc",-83
1402409525913,"VGV75196A7979","50:7e:5d:6a:79:78",-83
1402409525926,"Scheteris","00:24:8c:2b:ac:cb",-79
1402409525940,"FRITZ!Box Fon WLAN 7360","c0:25:06:5a:ed:46",-77
1402409525940,"Tele2modem-internet","00:23:54:85:fd:ca",-88
1402409525954,"Wi-Fi-netwerk van R. Kaasenbrood","90:72:40:14:54:59",-97
1402409525956,"Vlinder","84:9c:a6:b4:da:52",-79
1402409525969,"","00:10:c6:39:97:13",-91
1402409525983,"Mineel","5c:96:9d:66:3e:31",-84
1402409525983,"Mr-Brown","7a:cb:a8:62:76:bc",-91
1402409525995,"Online gast","ba:8d:12:62:61:46",-89
1402409526009,"starthere","e0:91:f5:57:be:9e",-89
1402409526009,"Online","b8:8d:12:62:61:45",-84
1402409526023,"CORRYHENK","00:18:f6:ec:07:28",-90
1402409528043,"Wi-Fi-netwerk van R. Kaasenbrood","90:72:40:14:54:58",-73
1402409528056,"utrecht3515","84:9c:a6:63:e0:86",-54
1402409528071,"SpeedTouch367917","00:18:f6:67:52:c6",-68
1402409528071,"Duvel","e8:40:f2:94:28:db",-63
1402409528101,"Ziggo","ea:40:f2:94:28:dc",-65
1402409528116,"Zy_private_E4XHWM","fc:f5:28:92:d1:cc",-85
1402409528117,"FRITZ!Box Guest Access","c6:25:06:5a:ed:46",-72
1402409528147,"HOOGHWINKELNEW_EXT","64:d1:a3:20:4f:17",-73
1402409528162,"Ziggo60CCB","70:18:8b:9c:32:db",-85
1402409528163,"Ziggo","72:18:8b:9c:32:dc",-83
1402409528178,"VGV75196A7979","50:7e:5d:6a:79:78",-83
1402409528208,"Scheteris","00:24:8c:2b:ac:cb",-74
1402409528209,"FRITZ!Box Fon WLAN 7360","c0:25:06:5a:ed:46",-73
1402409528228,"Tele2modem-internet","00:23:54:85:fd:ca",-79
1402409528260,"Wi-Fi-netwerk van R. Kaasenbrood","90:72:40:14:54:59",-97
1402409528261,"Vlinder","84:9c:a6:b4:da:52",-79
1402409528302,"","00:10:c6:39:97:13",-91
1402409528343,"Online gast","ba:8d:12:62:61:46",-89
1402409528344,"starthere","e0:91:f5:57:be:9e",-89
1402409528395,"Online","b8:8d:12:62:61:45",-84
1402409528429,"CORRYHENK","00:18:f6:ec:07:28",-91
1402409530494,"Wi-Fi-netwerk van R. Kaasenbrood","90:72:40:14:54:58",-73
1402409530506,"utrecht3515","84:9c:a6:63:e0:86",-44
1402409530520,"SpeedTouch367917","00:18:f6:67:52:c6",-68
1402409530534,"Duvel","e8:40:f2:94:28:db",-63
1402409530535,"Ziggo","ea:40:f2:94:28:dc",-65
1402409530577,"Zy_private_E4XHWM","fc:f5:28:92:d1:cc",-85
1402409530599,"FRITZ!Box Guest Access","c6:25:06:5a:ed:46",-73
1402409530600,"HOOGHWINKELNEW_EXT","64:d1:a3:20:4f:17",-77
1402409530615,"Ziggo60CCB","70:18:8b:9c:32:db",-85
1402409530646,"VGV75196A7979","50:7e:5d:6a:79:78",-83
1402409530647,"Scheteris","00:24:8c:2b:ac:cb",-72
1402409530663,"FRITZ!Box Fon WLAN 7360","c0:25:06:5a:ed:46",-73
1402409530694,"Tele2modem-internet","00:23:54:85:fd:ca",-79
1402409530695,"Wi-Fi-netwerk van R. Kaasenbrood","90:72:40:14:54:59",-97
1402409530730,"Vlinder","84:9c:a6:b4:da:52",-75
1402409530760,"","00:10:c6:39:97:13",-91
1402409530761,"starthere","e0:91:f5:57:be:9e",-89
1402409530775,"Online","b8:8d:12:62:61:45",-84
1402409530806,"CORRYHENK","00:18:f6:ec:07:28",-91
1402409532952,"Wi-Fi-netwerk van R. Kaasenbrood","90:72:40:14:54:58",-68
1402409532965,"utrecht3515","84:9c:a6:63:e0:86",-48
1402409532977,"SpeedTouch367917","00:18:f6:67:52:c6",-75
1402409533012,"Duvel","e8:40:f2:94:28:db",-59
1402409533024,"Ziggo","ea:40:f2:94:28:dc",-59
1402409533025,"Zy_private_E4XHWM","fc:f5:28:92:d1:cc",-84
1402409533060,"FRITZ!Box Guest Access","c6:25:06:5a:ed:46",-78
1402409533072,"HOOGHWINKELNEW_EXT","64:d1:a3:20:4f:17",-77
1402409533073,"Ziggo60CCB","70:18:8b:9c:32:db",-81
1402409533108,"VGV75196A7979","50:7e:5d:6a:79:78",-85
1402409533126,"Scheteris","00:24:8c:2b:ac:cb",-72
1402409533127,"FRITZ!Box Fon WLAN 7360","c0:25:06:5a:ed:46",-73
1402409533165,"Tele2modem-internet","00:23:54:85:fd:ca",-86
1402409533206,"Wi-Fi-netwerk van R. Kaasenbrood","90:72:40:14:54:59",-93
1402409533207,"Vlinder","84:9c:a6:b4:da:52",-77
1402409533257,"","00:10:c6:39:97:13",-91
1402409533283,"starthere","e0:91:f5:57:be:9e",-89
1402409533283,"Online","b8:8d:12:62:61:45",-84
1402409533317,"CORRYHENK","00:18:f6:ec:07:28",-91
1402409533329,"Ziggo","72:18:8b:9c:32:dc",-78
1402409535580,"Wi-Fi-netwerk van R. Kaasenbrood","90:72:40:14:54:58",-71
1402409535592,"utrecht3515","84:9c:a6:63:e0:86",-47
1402409535607,"SpeedTouch367917","00:18:f6:67:52:c6",-71
1402409535622,"Duvel","e8:40:f2:94:28:db",-53
1402409535654,"Ziggo","ea:40:f2:94:28:dc",-53
1402409535655,"Zy_private_E4XHWM","fc:f5:28:92:d1:cc",-84
1402409535671,"FRITZ!Box Guest Access","c6:25:06:5a:ed:46",-80
1402409535701,"HOOGHWINKELNEW_EXT","64:d1:a3:20:4f:17",-77
1402409535702,"Ziggo60CCB","70:18:8b:9c:32:db",-81
1402409535717,"VGV75196A7979","50:7e:5d:6a:79:78",-85
1402409535749,"Scheteris","00:24:8c:2b:ac:cb",-74
1402409535750,"FRITZ!Box Fon WLAN 7360","c0:25:06:5a:ed:46",-77
1402409535765,"Tele2modem-internet","00:23:54:85:fd:ca",-86
1402409535796,"Wi-Fi-netwerk van R. Kaasenbrood","90:72:40:14:54:59",-93
1402409535797,"Vlinder","84:9c:a6:b4:da:52",-77
1402409535812,"","00:10:c6:39:97:13",-92
1402409535844,"starthere","e0:91:f5:57:be:9e",-89
1402409535872,"CORRYHENK","00:18:f6:ec:07:28",-91
1402409535872,"Ziggo","72:18:8b:9c:32:dc",-78
1402409538124,"Wi-Fi-netwerk van R. Kaasenbrood","90:72:40:14:54:58",-73
1402409538139,"utrecht3515","84:9c:a6:63:e0:86",-47
1402409538155,"SpeedTouch367917","00:18:f6:67:52:c6",-71
1402409538156,"Duvel","e8:40:f2:94:28:db",-54
1402409538196,"Ziggo","ea:40:f2:94:28:dc",-53
1402409538211,"Zy_private_E4XHWM","fc:f5:28:92:d1:cc",-85
1402409538214,"FRITZ!Box Guest Access","c6:25:06:5a:ed:46",-76
1402409538228,"HOOGHWINKELNEW_EXT","64:d1:a3:20:4f:17",-81
1402409538244,"Ziggo60CCB","70:18:8b:9c:32:db",-76
1402409538274,"VGV75196A7979","50:7e:5d:6a:79:78",-81
1402409538299,"Scheteris","00:24:8c:2b:ac:cb",-74
1402409538303,"FRITZ!Box Fon WLAN 7360","c0:25:06:5a:ed:46",-76
1402409538325,"Tele2modem-internet","00:23:54:85:fd:ca",-86
1402409538349,"Wi-Fi-netwerk van R. Kaasenbrood","90:72:40:14:54:59",-94
1402409538381,"Vlinder","84:9c:a6:b4:da:52",-80
1402409538428,"","00:10:c6:39:97:13",-92
1402409538431,"CORRYHENK","00:18:f6:ec:07:28",-91
1402409538444,"Ziggo","72:18:8b:9c:32:dc",-75
1402409540794,"Wi-Fi-netwerk van R. Kaasenbrood","90:72:40:14:54:58",-65
1402409540807,"utrecht3515","84:9c:a6:63:e0:86",-44
1402409540821,"SpeedTouch367917","00:18:f6:67:52:c6",-69
1402409540824,"Duvel","e8:40:f2:94:28:db",-55
1402409540838,"Ziggo","ea:40:f2:94:28:dc",-55
1402409540853,"Zy_private_E4XHWM","fc:f5:28:92:d1:cc",-85
1402409540866,"FRITZ!Box Guest Access","c6:25:06:5a:ed:46",-80
1402409540881,"HOOGHWINKELNEW_EXT","64:d1:a3:20:4f:17",-74
1402409540884,"Ziggo60CCB","70:18:8b:9c:32:db",-76
1402409540896,"VGV75196A7979","50:7e:5d:6a:79:78",-85
1402409540910,"Scheteris","00:24:8c:2b:ac:cb",-74
1402409540926,"FRITZ!Box Fon WLAN 7360","c0:25:06:5a:ed:46",-82
1402409540941,"Tele2modem-internet","00:23:54:85:fd:ca",-88
1402409540943,"Wi-Fi-netwerk van R. Kaasenbrood","90:72:40:14:54:59",-94
1402409540956,"Vlinder","84:9c:a6:b4:da:52",-75
1402409540983,"","00:10:c6:39:97:13",-92
1402409540995,"Ziggo","72:18:8b:9c:32:dc",-75
1402409541029,"Online","b8:8d:12:62:61:45",-85
1402409543394,"Wi-Fi-netwerk van R. Kaasenbrood","90:72:40:14:54:58",-69
1402409543407,"utrecht3515","84:9c:a6:63:e0:86",-41
1402409543423,"SpeedTouch367917","00:18:f6:67:52:c6",-69
1402409543426,"Duvel","e8:40:f2:94:28:db",-63
1402409543439,"Ziggo","ea:40:f2:94:28:dc",-63
1402409543474,"Zy_private_E4XHWM","fc:f5:28:92:d1:cc",-81
1402409543489,"FRITZ!Box Guest Access","c6:25:06:5a:ed:46",-85
1402409543505,"HOOGHWINKELNEW_EXT","64:d1:a3:20:4f:17",-78
1402409543508,"Ziggo60CCB","70:18:8b:9c:32:db",-76
1402409543521,"VGV75196A7979","50:7e:5d:6a:79:78",-82
1402409543535,"Scheteris","00:24:8c:2b:ac:cb",-74
1402409543547,"FRITZ!Box Fon WLAN 7360","c0:25:06:5a:ed:46",-85
1402409543562,"Tele2modem-internet","00:23:54:85:fd:ca",-88
1402409543564,"Wi-Fi-netwerk van R. Kaasenbrood","90:72:40:14:54:59",-94
1402409543576,"Vlinder","84:9c:a6:b4:da:52",-79
1402409543591,"","00:10:c6:39:97:13",-92
1402409543603,"Ziggo","72:18:8b:9c:32:dc",-77
1402409543617,"Online","b8:8d:12:62:61:45",-90
1402409543620,"SpeedTouch2E9098","00:1d:68:73:d5:28",-88
1402409543636,"Online gast","ba:8d:12:62:61:46",-90
1402409543655,"SpeedTouch8EC007","00:14:7f:72:a7:46",-93
1402409546034,"Wi-Fi-netwerk van R. Kaasenbrood","90:72:40:14:54:58",-67
1402409546047,"utrecht3515","84:9c:a6:63:e0:86",-46
1402409546061,"SpeedTouch367917","00:18:f6:67:52:c6",-67
1402409546073,"Duvel","e8:40:f2:94:28:db",-56
1402409546085,"Ziggo","ea:40:f2:94:28:dc",-63
1402409546121,"Zy_private_E4XHWM","fc:f5:28:92:d1:cc",-81
1402409546133,"FRITZ!Box Guest Access","c6:25:06:5a:ed:46",-85
1402409546145,"HOOGHWINKELNEW_EXT","64:d1:a3:20:4f:17",-77
1402409546157,"Ziggo60CCB","70:18:8b:9c:32:db",-77
1402409546193,"VGV75196A7979","50:7e:5d:6a:79:78",-83
1402409546197,"Scheteris","00:24:8c:2b:ac:cb",-87
1402409546223,"FRITZ!Box Fon WLAN 7360","c0:25:06:5a:ed:46",-85
1402409546237,"Tele2modem-internet","00:23:54:85:fd:ca",-89
1402409546253,"Wi-Fi-netwerk van R. Kaasenbrood","90:72:40:14:54:59",-94
1402409546269,"Vlinder","84:9c:a6:b4:da:52",-79
1402409546283,"","00:10:c6:39:97:13",-92
1402409546286,"Ziggo","72:18:8b:9c:32:dc",-77
1402409546298,"Online","b8:8d:12:62:61:45",-90
1402409546319,"SpeedTouch2E9098","00:1d:68:73:d5:28",-88
1402409546351,"Online gast","ba:8d:12:62:61:46",-90
1402409546365,"SpeedTouch8EC007","00:14:7f:72:a7:46",-93
1402409546370,"HG655D-CC58EB","72:2b:c1:cc:58:e8",-92
1402409548906,"Wi-Fi-netwerk van R. Kaasenbrood","90:72:40:14:54:58",-73
1402409548918,"utrecht3515","84:9c:a6:63:e0:86",-50
1402409548931,"SpeedTouch367917","00:18:f6:67:52:c6",-69
1402409548946,"Duvel","e8:40:f2:94:28:db",-64
1402409548957,"Ziggo","ea:40:f2:94:28:dc",-63
1402409548970,"Zy_private_E4XHWM","fc:f5:28:92:d1:cc",-84
1402409548982,"FRITZ!Box Guest Access","c6:25:06:5a:ed:46",-85
1402409548997,"HOOGHWINKELNEW_EXT","64:d1:a3:20:4f:17",-78
1402409549000,"Ziggo60CCB","70:18:8b:9c:32:db",-82
1402409549012,"VGV75196A7979","50:7e:5d:6a:79:78",-83
1402409549026,"Scheteris","00:24:8c:2b:ac:cb",-87
1402409549043,"FRITZ!Box Fon WLAN 7360","c0:25:06:5a:ed:46",-85
1402409549058,"Tele2modem-internet","00:23:54:85:fd:ca",-89
1402409549073,"Wi-Fi-netwerk van R. Kaasenbrood","90:72:40:14:54:59",-94
1402409549075,"Vlinder","84:9c:a6:b4:da:52",-74
1402409549088,"Ziggo","72:18:8b:9c:32:dc",-77
1402409549103,"Online","b8:8d:12:62:61:45",-90
1402409549130,"SpeedTouch2E9098","00:1d:68:73:d5:28",-88
1402409549146,"Online gast","ba:8d:12:62:61:46",-90
1402409549177,"SpeedTouch8EC007","00:14:7f:72:a7:46",-93
1402409549180,"HG655D-CC58EB","72:2b:c1:cc:58:e8",-92
1402409551840,"Wi-Fi-netwerk van R. Kaasenbrood","90:72:40:14:54:58",-69
1402409551854,"utrecht3515","84:9c:a6:63:e0:86",-51
1402409551867,"SpeedTouch367917","00:18:f6:67:52:c6",-73
1402409551880,"Duvel","e8:40:f2:94:28:db",-66
1402409551892,"Ziggo","ea:40:f2:94:28:dc",-67
1402409551904,"Zy_private_E4XHWM","fc:f5:28:92:d1:cc",-81
1402409551916,"FRITZ!Box Guest Access","c6:25:06:5a:ed:46",-82
1402409551928,"HOOGHWINKELNEW_EXT","64:d1:a3:20:4f:17",-78
1402409551940,"Ziggo60CCB","70:18:8b:9c:32:db",-77
1402409551952,"VGV75196A7979","50:7e:5d:6a:79:78",-83
1402409551963,"Scheteris","00:24:8c:2b:ac:cb",-79
1402409551975,"FRITZ!Box Fon WLAN 7360","c0:25:06:5a:ed:46",-81
1402409551987,"Tele2modem-internet","00:23:54:85:fd:ca",-87
1402409551999,"Wi-Fi-netwerk van R. Kaasenbrood","90:72:40:14:54:59",-94
1402409552011,"Vlinder","84:9c:a6:b4:da:52",-79
1402409552023,"Ziggo","72:18:8b:9c:32:dc",-77
1402409552035,"Online","b8:8d:12:62:61:45",-90
1402409552047,"SpeedTouch2E9098","00:1d:68:73:d5:28",-88
1402409552059,"Online gast","ba:8d:12:62:61:46",-90
1402409552071,"SpeedTouch8EC007","00:14:7f:72:a7:46",-93
1402409552083,"HG655D-CC58EB","72:2b:c1:cc:58:e8",-92
1402409554694,"Wi-Fi-netwerk van R. Kaasenbrood","90:72:40:14:54:58",-73
1402409554707,"utrecht3515","84:9c:a6:63:e0:86",-53
1402409554721,"SpeedTouch367917","00:18:f6:67:52:c6",-77
1402409554733,"Duvel","e8:40:f2:94:28:db",-64
1402409554745,"Ziggo","ea:40:f2:94:28:dc",-64
1402409554757,"Zy_private_E4XHWM","fc:f5:28:92:d1:cc",-81
1402409554769,"FRITZ!Box Guest Access","c6:25:06:5a:ed:46",-82
1402409554781,"HOOGHWINKELNEW_EXT","64:d1:a3:20:4f:17",-78
1402409554794,"Ziggo60CCB","70:18:8b:9c:32:db",-73
1402409554806,"VGV75196A7979","50:7e:5d:6a:79:78",-83
1402409554818,"Scheteris","00:24:8c:2b:ac:cb",-79
1402409554830,"FRITZ!Box Fon WLAN 7360","c0:25:06:5a:ed:46",-81
1402409554842,"Tele2modem-internet","00:23:54:85:fd:ca",-87
1402409554854,"Wi-Fi-netwerk van R. Kaasenbrood","90:72:40:14:54:59",-93
1402409554866,"Vlinder","84:9c:a6:b4:da:52",-79
1402409554878,"Ziggo","72:18:8b:9c:32:dc",-74
1402409554891,"Online","b8:8d:12:62:61:45",-90
1402409554903,"SpeedTouch2E9098","00:1d:68:73:d5:28",-88
1402409554915,"Online gast","ba:8d:12:62:61:46",-90
1402409554927,"SpeedTouch8EC007","00:14:7f:72:a7:46",-93
1402409554939,"HG655D-CC58EB","72:2b:c1:cc:58:e8",-92
1402409554951,"chmwidor","98:fc:11:6f:06:8a",-88
1402409557639,"Wi-Fi-netwerk van R. Kaasenbrood","90:72:40:14:54:58",-73
1402409557653,"utrecht3515","84:9c:a6:63:e0:86",-50
1402409557667,"SpeedTouch367917","00:18:f6:67:52:c6",-75
1402409557679,"Duvel","e8:40:f2:94:28:db",-60
1402409557692,"Ziggo","ea:40:f2:94:28:dc",-56
1402409557704,"Zy_private_E4XHWM","fc:f5:28:92:d1:cc",-80
1402409557716,"FRITZ!Box Guest Access","c6:25:06:5a:ed:46",-85
1402409557728,"HOOGHWINKELNEW_EXT","64:d1:a3:20:4f:17",-72
1402409557740,"Ziggo60CCB","70:18:8b:9c:32:db",-77
1402409557753,"VGV75196A7979","50:7e:5d:6a:79:78",-82
1402409557765,"Scheteris","00:24:8c:2b:ac:cb",-79
1402409557777,"FRITZ!Box Fon WLAN 7360","c0:25:06:5a:ed:46",-81
1402409557789,"Tele2modem-internet","00:23:54:85:fd:ca",-87
1402409557801,"Wi-Fi-netwerk van R. Kaasenbrood","90:72:40:14:54:59",-92
1402409557813,"Vlinder","84:9c:a6:b4:da:52",-79
1402409557825,"Ziggo","72:18:8b:9c:32:dc",-77
1402409557837,"HG655D-CC58EB","72:2b:c1:cc:58:e8",-92
1402409557849,"chmwidor","98:fc:11:6f:06:8a",-88
1402409560647,"Wi-Fi-netwerk van R. Kaasenbrood","90:72:40:14:54:58",-72
1402409560661,"utrecht3515","84:9c:a6:63:e0:86",-50
1402409560674,"SpeedTouch367917","00:18:f6:67:52:c6",-73
1402409560686,"Duvel","e8:40:f2:94:28:db",-63
1402409560698,"Ziggo","ea:40:f2:94:28:dc",-60
1402409560710,"Zy_private_E4XHWM","fc:f5:28:92:d1:cc",-78
1402409560722,"FRITZ!Box Guest Access","c6:25:06:5a:ed:46",-79
1402409560734,"HOOGHWINKELNEW_EXT","64:d1:a3:20:4f:17",-68
1402409560746,"Ziggo60CCB","70:18:8b:9c:32:db",-77
1402409560758,"VGV75196A7979","50:7e:5d:6a:79:78",-82
1402409560770,"Scheteris","00:24:8c:2b:ac:cb",-75
1402409560782,"FRITZ!Box Fon WLAN 7360","c0:25:06:5a:ed:46",-78
1402409560795,"Tele2modem-internet","00:23:54:85:fd:ca",-87
1402409560807,"Wi-Fi-netwerk van R. Kaasenbrood","90:72:40:14:54:59",-90
1402409560819,"Vlinder","84:9c:a6:b4:da:52",-80
1402409560831,"Ziggo","72:18:8b:9c:32:dc",-77
1402409560843,"chmwidor","98:fc:11:6f:06:8a",-88
1402409560855,"Mineel","5c:96:9d:66:3e:31",-88
1402409560867,"SpeedTouch2E9098","00:1d:68:73:d5:28",-88
1402409560879,"Online","b8:8d:12:62:61:45",-90
1402409560892,"Online gast","ba:8d:12:62:61:46",-93
1402409563777,"Wi-Fi-netwerk van R. Kaasenbrood","90:72:40:14:54:58",-69
1402409563789,"utrecht3515","84:9c:a6:63:e0:86",-47
1402409563801,"SpeedTouch367917","00:18:f6:67:52:c6",-71
1402409563814,"Duvel","e8:40:f2:94:28:db",-56
1402409563830,"Ziggo","ea:40:f2:94:28:dc",-56
1402409563842,"Zy_private_E4XHWM","fc:f5:28:92:d1:cc",-82
1402409563854,"FRITZ!Box Guest Access","c6:25:06:5a:ed:46",-79
1402409563866,"HOOGHWINKELNEW_EXT","64:d1:a3:20:4f:17",-72
1402409563878,"Ziggo60CCB","70:18:8b:9c:32:db",-77
1402409563890,"VGV75196A7979","50:7e:5d:6a:79:78",-81
1402409563902,"Scheteris","00:24:8c:2b:ac:cb",-77
1402409563914,"FRITZ!Box Fon WLAN 7360","c0:25:06:5a:ed:46",-79
1402409563926,"Tele2modem-internet","00:23:54:85:fd:ca",-87
1402409563938,"Wi-Fi-netwerk van R. Kaasenbrood","90:72:40:14:54:59",-88
1402409563950,"Vlinder","84:9c:a6:b4:da:52",-80
1402409563963,"Ziggo","72:18:8b:9c:32:dc",-77
1402409563975,"chmwidor","98:fc:11:6f:06:8a",-88
1402409563987,"Mineel","5c:96:9d:66:3e:31",-88
1402409563999,"SpeedTouch2E9098","00:1d:68:73:d5:28",-88
1402409564011,"Online","b8:8d:12:62:61:45",-90
1402409564023,"Online gast","ba:8d:12:62:61:46",-93
1402409566855,"Wi-Fi-netwerk van R. Kaasenbrood","90:72:40:14:54:58",-68
1402409566879,"utrecht3515","84:9c:a6:63:e0:86",-45
1402409566882,"SpeedTouch367917","00:18:f6:67:52:c6",-69
1402409566894,"Duvel","e8:40:f2:94:28:db",-56
1402409566906,"Ziggo","ea:40:f2:94:28:dc",-58
1402409566918,"Zy_private_E4XHWM","fc:f5:28:92:d1:cc",-85
1402409566942,"FRITZ!Box Guest Access","c6:25:06:5a:ed:46",-79
1402409566945,"HOOGHWINKELNEW_EXT","64:d1:a3:20:4f:17",-72
1402409566957,"Ziggo60CCB","70:18:8b:9c:32:db",-85
1402409566969,"VGV75196A7979","50:7e:5d:6a:79:78",-81
1402409566981,"Scheteris","00:24:8c:2b:ac:cb",-77
1402409566994,"FRITZ!Box Fon WLAN 7360","c0:25:06:5a:ed:46",-85
1402409567006,"Tele2modem-internet","00:23:54:85:fd:ca",-87
1402409567018,"Wi-Fi-netwerk van R. Kaasenbrood","90:72:40:14:54:59",-94
1402409567030,"Vlinder","84:9c:a6:b4:da:52",-79
1402409567042,"Ziggo","72:18:8b:9c:32:dc",-84
1402409567055,"chmwidor","98:fc:11:6f:06:8a",-85
1402409567072,"Mineel","5c:96:9d:66:3e:31",-88
1402409567107,"SpeedTouch2E9098","00:1d:68:73:d5:28",-88
1402409567130,"Online","b8:8d:12:62:61:45",-90
1402409567144,"Online gast","ba:8d:12:62:61:46",-93
1402409567158,"starthere","e0:91:f5:57:be:9e",-85
1402409567173,"","00:10:c6:39:97:13",-86
1402409570058,"Wi-Fi-netwerk van R. Kaasenbrood","90:72:40:14:54:58",-64
1402409570083,"utrecht3515","84:9c:a6:63:e0:86",-43
1402409570087,"SpeedTouch367917","00:18:f6:67:52:c6",-70
1402409570132,"Duvel","e8:40:f2:94:28:db",-59
1402409570156,"Ziggo","ea:40:f2:94:28:dc",-58
1402409570161,"Zy_private_E4XHWM","fc:f5:28:92:d1:cc",-82
1402409570205,"FRITZ!Box Guest Access","c6:25:06:5a:ed:46",-79
1402409570234,"HOOGHWINKELNEW_EXT","64:d1:a3:20:4f:17",-72
1402409570235,"Ziggo60CCB","70:18:8b:9c:32:db",-78
1402409570291,"VGV75196A7979","50:7e:5d:6a:79:78",-81
1402409570326,"Scheteris","00:24:8c:2b:ac:cb",-77
1402409570339,"FRITZ!Box Fon WLAN 7360","c0:25:06:5a:ed:46",-85
1402409570363,"Tele2modem-internet","00:23:54:85:fd:ca",-91
1402409570383,"Wi-Fi-netwerk van R. Kaasenbrood","90:72:40:14:54:59",-94
1402409570415,"Vlinder","84:9c:a6:b4:da:52",-75
1402409570433,"Ziggo","72:18:8b:9c:32:dc",-77
1402409570461,"chmwidor","98:fc:11:6f:06:8a",-85
1402409570464,"Mineel","5c:96:9d:66:3e:31",-88
1402409570495,"SpeedTouch2E9098","00:1d:68:73:d5:28",-88
1402409570511,"Online","b8:8d:12:62:61:45",-90
1402409570538,"Online gast","ba:8d:12:62:61:46",-93
1402409570578,"starthere","e0:91:f5:57:be:9e",-85
1402409570593,"","00:10:c6:39:97:13",-86
1402409570621,"SitecomA1834C","00:0c:f6:a1:83:4c",-81
1402409573679,"Wi-Fi-netwerk van R. Kaasenbrood","90:72:40:14:54:58",-68
1402409573703,"utrecht3515","84:9c:a6:63:e0:86",-43
1402409573704,"SpeedTouch367917","00:18:f6:67:52:c6",-75
1402409573721,"Duvel","e8:40:f2:94:28:db",-59
1402409573763,"Ziggo","ea:40:f2:94:28:dc",-59
1402409573768,"Zy_private_E4XHWM","fc:f5:28:92:d1:cc",-82
1402409573811,"FRITZ!Box Guest Access","c6:25:06:5a:ed:46",-85
1402409573830,"HOOGHWINKELNEW_EXT","64:d1:a3:20:4f:17",-74
1402409573882,"Ziggo60CCB","70:18:8b:9c:32:db",-82
1402409573920,"VGV75196A7979","50:7e:5d:6a:79:78",-81
1402409573963,"Scheteris","00:24:8c:2b:ac:cb",-77
1402409574032,"FRITZ!Box Fon WLAN 7360","c0:25:06:5a:ed:46",-85
1402409574068,"Tele2modem-internet","00:23:54:85:fd:ca",-91
1402409574092,"Wi-Fi-netwerk van R. Kaasenbrood","90:72:40:14:54:59",-93
1402409574109,"Vlinder","84:9c:a6:b4:da:52",-75
1402409574124,"Ziggo","72:18:8b:9c:32:dc",-81
1402409574166,"chmwidor","98:fc:11:6f:06:8a",-85
1402409574182,"starthere","e0:91:f5:57:be:9e",-79
1402409574213,"","00:10:c6:39:97:13",-86
1402409574247,"SitecomA1834C","00:0c:f6:a1:83:4c",-81
1402409577275,"Wi-Fi-netwerk van R. Kaasenbrood","90:72:40:14:54:58",-76
1402409577302,"utrecht3515","84:9c:a6:63:e0:86",-47
1402409577338,"SpeedTouch367917","00:18:f6:67:52:c6",-75
1402409577371,"Duvel","e8:40:f2:94:28:db",-68
1402409577384,"Ziggo","ea:40:f2:94:28:dc",-69
1402409577400,"Zy_private_E4XHWM","fc:f5:28:92:d1:cc",-81
1402409577415,"FRITZ!Box Guest Access","c6:25:06:5a:ed:46",-77
1402409577433,"HOOGHWINKELNEW_EXT","64:d1:a3:20:4f:17",-78
1402409577466,"Ziggo60CCB","70:18:8b:9c:32:db",-77
1402409577485,"VGV75196A7979","50:7e:5d:6a:79:78",-83
1402409577545,"FRITZ!Box Fon WLAN 7360","c0:25:06:5a:ed:46",-80
1402409577577,"Tele2modem-internet","00:23:54:85:fd:ca",-91
1402409577592,"Wi-Fi-netwerk van R. Kaasenbrood","90:72:40:14:54:59",-93
1402409577618,"Vlinder","84:9c:a6:b4:da:52",-82
1402409577658,"Ziggo","72:18:8b:9c:32:dc",-77
1402409577685,"chmwidor","98:fc:11:6f:06:8a",-85
1402409577721,"starthere","e0:91:f5:57:be:9e",-79
1402409577757,"","00:10:c6:39:97:13",-86
1402409577779,"SitecomA1834C","00:0c:f6:a1:83:4c",-81
1402409577793,"FRITZ!Box Fon WLAN 7340","bc:05:43:6f:ca:ae",-87
1402409577808,"ARJANHUIJZER-PC_Network-2.4G","c4:3d:c7:91:0d:6e",-91
1402409580870,"Wi-Fi-netwerk van R. Kaasenbrood","90:72:40:14:54:58",-70
1402409580895,"utrecht3515","84:9c:a6:63:e0:86",-63
1402409580931,"SpeedTouch367917","00:18:f6:67:52:c6",-76
1402409580966,"Duvel","e8:40:f2:94:28:db",-64
1402409580981,"Ziggo","ea:40:f2:94:28:dc",-65
1402409580996,"Zy_private_E4XHWM","fc:f5:28:92:d1:cc",-83
1402409581012,"FRITZ!Box Guest Access","c6:25:06:5a:ed:46",-81
1402409581033,"HOOGHWINKELNEW_EXT","64:d1:a3:20:4f:17",-74
1402409581053,"Ziggo60CCB","70:18:8b:9c:32:db",-78
1402409581074,"VGV75196A7979","50:7e:5d:6a:79:78",-83
1402409581090,"FRITZ!Box Fon WLAN 7360","c0:25:06:5a:ed:46",-80
1402409581105,"Tele2modem-internet","00:23:54:85:fd:ca",-91
1402409581120,"Wi-Fi-netwerk van R. Kaasenbrood","90:72:40:14:54:59",-93
1402409581136,"Vlinder","84:9c:a6:b4:da:52",-82
1402409581150,"Ziggo","72:18:8b:9c:32:dc",-78
1402409581185,"starthere","e0:91:f5:57:be:9e",-79
1402409581220,"SitecomA1834C","00:0c:f6:a1:83:4c",-81
1402409581234,"FRITZ!Box Fon WLAN 7340","bc:05:43:6f:ca:ae",-87
1402409581249,"ARJANHUIJZER-PC_Network-2.4G","c4:3d:c7:91:0d:6e",-91
1402409584372,"Wi-Fi-netwerk van R. Kaasenbrood","90:72:40:14:54:58",-78
1402409584397,"utrecht3515","84:9c:a6:63:e0:86",-56
1402409584432,"SpeedTouch367917","00:18:f6:67:52:c6",-75
1402409584444,"Duvel","e8:40:f2:94:28:db",-63
1402409584461,"Ziggo","ea:40:f2:94:28:dc",-61
1402409584497,"Zy_private_E4XHWM","fc:f5:28:92:d1:cc",-71
1402409584525,"FRITZ!Box Guest Access","c6:25:06:5a:ed:46",-85
1402409584540,"HOOGHWINKELNEW_EXT","64:d1:a3:20:4f:17",-71
1402409584563,"Ziggo60CCB","70:18:8b:9c:32:db",-75
1402409584578,"VGV75196A7979","50:7e:5d:6a:79:78",-76
1402409584602,"FRITZ!Box Fon WLAN 7360","c0:25:06:5a:ed:46",-80
1402409584617,"Wi-Fi-netwerk van R. Kaasenbrood","90:72:40:14:54:59",-93
1402409584633,"Vlinder","84:9c:a6:b4:da:52",-79
1402409584653,"Ziggo","72:18:8b:9c:32:dc",-76
1402409584668,"starthere","e0:91:f5:57:be:9e",-79
