1402407433245,"Wi-Fi-netwerk van R. Kaasenbrood",-57
1402407433247,"utrecht3515",-65
1402407433248,"SpeedTouch367917",-66
1402407433249,"Wi-Fi-netwerk van R. Kaasenbrood",-62
1402407433250,"Vlinder",-83
1402407433251,"FRITZ!Box Fon WLAN 7360",-85
1402407433252,"Zy_private_CEXC",-89
1402407433253,"Duvel",-82
1402407433254,"ARJANHUIJZER-PC_Network-2.4G",-88
1402407433255,"Mr-Brown",-88
1402407433256,"CORRYHENK",-92
1402407433257,"starthere",-92
1402407433258,"Zy_private_E4XHWM",-92
1402407433259,"Ziggo",-84
1402407433260,"",-88
1402407433261,"Ziggo",-87
1402407433262,"HG655D-8561AB",-92
1402407433391,"Wi-Fi-netwerk van R. Kaasenbrood",-57
1402407433393,"utrecht3515",-65
1402407433394,"SpeedTouch367917",-66
1402407433394,"Wi-Fi-netwerk van R. Kaasenbrood",-62
1402407433395,"Vlinder",-83
1402407433396,"FRITZ!Box Fon WLAN 7360",-85
1402407433397,"Zy_private_CEXC",-89
1402407433397,"Duvel",-82
1402407433398,"ARJANHUIJZER-PC_Network-2.4G",-88
1402407433399,"Mr-Brown",-88
1402407433400,"CORRYHENK",-92
1402407433401,"starthere",-92
1402407433401,"Zy_private_E4XHWM",-92
1402407433402,"Ziggo",-84
1402407433403,"",-88
1402407433404,"Ziggo",-87
1402407433405,"HG655D-8561AB",-92
1402407433529,"Wi-Fi-netwerk van R. Kaasenbrood",-57
1402407433531,"utrecht3515",-65
1402407433531,"SpeedTouch367917",-66
1402407433532,"Wi-Fi-netwerk van R. Kaasenbrood",-62
1402407433533,"Vlinder",-83
1402407433534,"FRITZ!Box Fon WLAN 7360",-85
1402407433534,"Zy_private_CEXC",-89
1402407433552,"Duvel",-82
1402407433555,"ARJANHUIJZER-PC_Network-2.4G",-88
1402407433562,"Mr-Brown",-88
1402407433565,"CORRYHENK",-92
1402407433566,"starthere",-92
1402407433566,"Zy_private_E4XHWM",-92
1402407433568,"Ziggo",-84
1402407433569,"",-88
1402407433570,"Ziggo",-87
1402407433570,"HG655D-8561AB",-92
1402407433695,"Wi-Fi-netwerk van R. Kaasenbrood",-60
1402407433697,"utrecht3515",-65
1402407433697,"SpeedTouch367917",-63
1402407433698,"Wi-Fi-netwerk van R. Kaasenbrood",-62
1402407433699,"Vlinder",-80
1402407433699,"FRITZ!Box Fon WLAN 7360",-85
1402407433700,"Zy_private_CEXC",-89
1402407433700,"Duvel",-82
1402407433701,"ARJANHUIJZER-PC_Network-2.4G",-88
1402407433702,"Mr-Brown",-88
1402407433702,"CORRYHENK",-92
1402407433703,"starthere",-92
1402407433703,"Zy_private_E4XHWM",-92
1402407433704,"Ziggo",-84
1402407433705,"",-90
1402407433705,"HG655D-8561AB",-92
1402407433706,"Gijsbrecht16",-91
1402407433839,"Wi-Fi-netwerk van R. Kaasenbrood",-60
1402407433858,"utrecht3515",-65
1402407433861,"SpeedTouch367917",-63
1402407433863,"Wi-Fi-netwerk van R. Kaasenbrood",-62
1402407433865,"Vlinder",-80
1402407433867,"FRITZ!Box Fon WLAN 7360",-85
1402407433867,"Zy_private_CEXC",-89
1402407433868,"Duvel",-82
1402407433869,"ARJANHUIJZER-PC_Network-2.4G",-88
1402407433869,"Mr-Brown",-88
1402407433870,"CORRYHENK",-92
1402407433870,"starthere",-92
1402407433871,"Zy_private_E4XHWM",-92
1402407433872,"Ziggo",-84
1402407433872,"",-90
1402407433873,"HG655D-8561AB",-92
1402407433873,"Gijsbrecht16",-91
1402407434013,"Wi-Fi-netwerk van R. Kaasenbrood",-60
1402407434015,"utrecht3515",-65
1402407434016,"SpeedTouch367917",-63
1402407434017,"Wi-Fi-netwerk van R. Kaasenbrood",-62
1402407434018,"Vlinder",-80
1402407434034,"FRITZ!Box Fon WLAN 7360",-85
1402407434036,"Zy_private_CEXC",-89
1402407434039,"Duvel",-82
1402407434040,"ARJANHUIJZER-PC_Network-2.4G",-88
1402407434040,"Mr-Brown",-88
1402407434041,"CORRYHENK",-92
1402407434041,"starthere",-92
1402407434042,"Zy_private_E4XHWM",-92
1402407434042,"Ziggo",-84
1402407434043,"",-90
1402407434044,"HG655D-8561AB",-92
1402407434044,"Gijsbrecht16",-91
1402407434190,"Wi-Fi-netwerk van R. Kaasenbrood",-60
1402407434191,"utrecht3515",-65
1402407434192,"SpeedTouch367917",-63
1402407434192,"Wi-Fi-netwerk van R. Kaasenbrood",-62
1402407434207,"Vlinder",-80
1402407434208,"FRITZ!Box Fon WLAN 7360",-85
1402407434209,"Zy_private_CEXC",-89
1402407434209,"Duvel",-82
1402407434210,"ARJANHUIJZER-PC_Network-2.4G",-88
1402407434210,"Mr-Brown",-88
1402407434211,"CORRYHENK",-92
1402407434212,"starthere",-92
1402407434212,"Zy_private_E4XHWM",-92
1402407434213,"Ziggo",-84
1402407434213,"",-90
1402407434214,"HG655D-8561AB",-92
1402407434214,"Gijsbrecht16",-91
1402407434383,"Wi-Fi-netwerk van R. Kaasenbrood",-60
1402407434397,"utrecht3515",-65
1402407434400,"SpeedTouch367917",-63
1402407434403,"Wi-Fi-netwerk van R. Kaasenbrood",-62
1402407434404,"Vlinder",-80
1402407434405,"FRITZ!Box Fon WLAN 7360",-85
1402407434406,"Zy_private_CEXC",-89
1402407434406,"Duvel",-82
1402407434407,"ARJANHUIJZER-PC_Network-2.4G",-88
1402407434408,"Mr-Brown",-88
1402407434409,"CORRYHENK",-92
1402407434409,"starthere",-92
1402407434410,"Zy_private_E4XHWM",-92
1402407434411,"Ziggo",-84
1402407434427,"",-90
1402407434428,"HG655D-8561AB",-92
1402407434429,"Gijsbrecht16",-91
1402407434610,"Wi-Fi-netwerk van R. Kaasenbrood",-57
1402407434612,"utrecht3515",-65
1402407434613,"SpeedTouch367917",-63
1402407434614,"Wi-Fi-netwerk van R. Kaasenbrood",-62
1402407434614,"Vlinder",-80
1402407434615,"FRITZ!Box Fon WLAN 7360",-86
1402407434616,"Zy_private_CEXC",-89
1402407434617,"Duvel",-83
1402407434633,"ARJANHUIJZER-PC_Network-2.4G",-88
1402407434636,"Mr-Brown",-89
1402407434637,"CORRYHENK",-92
1402407434638,"Zy_private_E4XHWM",-92
1402407434638,"Ziggo",-84
1402407434639,"",-90
1402407434640,"HG655D-8561AB",-92
1402407434640,"Gijsbrecht16",-91
1402407434641,"Tele2modem-internet",-84
1402407434641,"Ziggo",-88
1402407434850,"Wi-Fi-netwerk van R. Kaasenbrood",-57
1402407434852,"utrecht3515",-65
1402407434853,"SpeedTouch367917",-63
1402407434854,"Wi-Fi-netwerk van R. Kaasenbrood",-62
1402407434855,"Vlinder",-80
1402407434855,"FRITZ!Box Fon WLAN 7360",-86
1402407434856,"Zy_private_CEXC",-89
1402407434857,"Duvel",-83
1402407434858,"ARJANHUIJZER-PC_Network-2.4G",-88
1402407434859,"Mr-Brown",-89
1402407434875,"CORRYHENK",-92
1402407434878,"Zy_private_E4XHWM",-92
1402407434880,"Ziggo",-84
1402407434881,"",-90
1402407434881,"HG655D-8561AB",-92
1402407434882,"Gijsbrecht16",-91
1402407434883,"Tele2modem-internet",-84
1402407434885,"Ziggo",-88
1402407435108,"Wi-Fi-netwerk van R. Kaasenbrood",-57
1402407435122,"utrecht3515",-65
1402407435122,"SpeedTouch367917",-63
1402407435123,"Wi-Fi-netwerk van R. Kaasenbrood",-62
1402407435124,"Vlinder",-80
1402407435124,"FRITZ!Box Fon WLAN 7360",-86
1402407435125,"Zy_private_CEXC",-89
1402407435125,"Duvel",-83
1402407435126,"ARJANHUIJZER-PC_Network-2.4G",-88
1402407435127,"Mr-Brown",-89
1402407435140,"CORRYHENK",-92
1402407435140,"Zy_private_E4XHWM",-92
1402407435141,"Ziggo",-84
1402407435142,"",-90
1402407435142,"HG655D-8561AB",-92
1402407435143,"Gijsbrecht16",-91
1402407435143,"Tele2modem-internet",-84
1402407435144,"Ziggo",-88
1402407435371,"Wi-Fi-netwerk van R. Kaasenbrood",-55
1402407435373,"utrecht3515",-64
1402407435373,"SpeedTouch367917",-65
1402407435374,"Wi-Fi-netwerk van R. Kaasenbrood",-62
1402407435375,"Vlinder",-80
1402407435375,"FRITZ!Box Fon WLAN 7360",-86
1402407435376,"Zy_private_CEXC",-90
1402407435377,"Duvel",-83
1402407435390,"ARJANHUIJZER-PC_Network-2.4G",-81
1402407435392,"Mr-Brown",-91
1402407435394,"CORRYHENK",-92
1402407435396,"Zy_private_E4XHWM",-92
1402407435397,"Ziggo",-84
1402407435398,"",-88
1402407435399,"Gijsbrecht16",-91
1402407435400,"Tele2modem-internet",-84
1402407435416,"Ziggo",-88
1402407435417,"Ziggo60CCB",-87
1402407435418,"FRITZ!Box Fon WLAN 7360",-88
1402407435668,"Wi-Fi-netwerk van R. Kaasenbrood",-55
1402407435670,"utrecht3515",-64
1402407435671,"SpeedTouch367917",-65
1402407435672,"Wi-Fi-netwerk van R. Kaasenbrood",-62
1402407435702,"Vlinder",-80
1402407435704,"FRITZ!Box Fon WLAN 7360",-86
1402407435705,"Zy_private_CEXC",-90
1402407435706,"Duvel",-83
1402407435706,"ARJANHUIJZER-PC_Network-2.4G",-81
1402407435707,"Mr-Brown",-91
1402407435707,"CORRYHENK",-92
1402407435720,"Zy_private_E4XHWM",-92
1402407435721,"Ziggo",-84
1402407435721,"",-88
1402407435722,"Gijsbrecht16",-91
1402407435722,"Tele2modem-internet",-84
1402407435723,"Ziggo",-88
1402407435724,"Ziggo60CCB",-87
1402407435724,"FRITZ!Box Fon WLAN 7360",-88
1402407435987,"Wi-Fi-netwerk van R. Kaasenbrood",-59
1402407435988,"utrecht3515",-64
1402407435989,"SpeedTouch367917",-65
1402407435990,"Wi-Fi-netwerk van R. Kaasenbrood",-66
1402407435990,"Vlinder",-80
1402407435991,"FRITZ!Box Fon WLAN 7360",-85
1402407436006,"Zy_private_CEXC",-87
1402407436007,"Duvel",-83
1402407436011,"ARJANHUIJZER-PC_Network-2.4G",-81
1402407436012,"Mr-Brown",-91
1402407436013,"CORRYHENK",-92
1402407436014,"Ziggo",-84
1402407436029,"",-89
1402407436030,"Gijsbrecht16",-91
1402407436031,"Tele2modem-internet",-84
1402407436032,"Ziggo",-88
1402407436033,"Ziggo60CCB",-88
1402407436034,"FRITZ!Box Fon WLAN 7360",-88
1402407436360,"Wi-Fi-netwerk van R. Kaasenbrood",-59
1402407436362,"utrecht3515",-64
1402407436363,"SpeedTouch367917",-65
1402407436363,"Wi-Fi-netwerk van R. Kaasenbrood",-66
1402407436364,"Vlinder",-80
1402407436377,"FRITZ!Box Fon WLAN 7360",-85
1402407436379,"Zy_private_CEXC",-87
1402407436381,"Duvel",-83
1402407436383,"ARJANHUIJZER-PC_Network-2.4G",-81
1402407436383,"Mr-Brown",-91
1402407436384,"CORRYHENK",-92
1402407436396,"Ziggo",-84
1402407436397,"",-89
1402407436397,"Gijsbrecht16",-91
1402407436398,"Tele2modem-internet",-84
1402407436399,"Ziggo",-88
1402407436399,"Ziggo60CCB",-88
1402407436412,"FRITZ!Box Fon WLAN 7360",-88
1402407436734,"Wi-Fi-netwerk van R. Kaasenbrood",-60
1402407436738,"utrecht3515",-64
1402407436740,"SpeedTouch367917",-71
1402407436763,"Wi-Fi-netwerk van R. Kaasenbrood",-63
1402407436764,"Vlinder",-81
1402407436766,"FRITZ!Box Fon WLAN 7360",-86
1402407436767,"Zy_private_CEXC",-88
1402407436768,"Duvel",-83
1402407436780,"ARJANHUIJZER-PC_Network-2.4G",-81
1402407436781,"Mr-Brown",-91
1402407436781,"CORRYHENK",-92
1402407436782,"Ziggo",-84
1402407436783,"",-89
1402407436795,"Gijsbrecht16",-91
1402407436796,"Tele2modem-internet",-84
1402407436796,"Ziggo",-88
1402407436797,"Ziggo60CCB",-89
1402407436798,"FRITZ!Box Fon WLAN 7360",-88
1402407436798,"SitecomA1834C",-87
1402407437159,"Wi-Fi-netwerk van R. Kaasenbrood",-58
1402407437161,"utrecht3515",-64
1402407437162,"SpeedTouch367917",-63
1402407437162,"Wi-Fi-netwerk van R. Kaasenbrood",-62
1402407437177,"Vlinder",-80
1402407437179,"FRITZ!Box Fon WLAN 7360",-85
1402407437181,"Zy_private_CEXC",-88
1402407437182,"Duvel",-83
1402407437183,"ARJANHUIJZER-PC_Network-2.4G",-81
1402407437195,"Mr-Brown",-92
1402407437196,"CORRYHENK",-92
1402407437197,"Ziggo",-84
1402407437197,"",-88
1402407437198,"Gijsbrecht16",-91
1402407437212,"Tele2modem-internet",-84
1402407437213,"Ziggo",-90
1402407437214,"Ziggo60CCB",-89
1402407437214,"FRITZ!Box Fon WLAN 7360",-88
1402407437215,"SitecomA1834C",-87
1402407437607,"Wi-Fi-netwerk van R. Kaasenbrood",-58
1402407437609,"utrecht3515",-64
1402407437610,"SpeedTouch367917",-63
1402407437610,"Wi-Fi-netwerk van R. Kaasenbrood",-62
1402407437624,"Vlinder",-80
1402407437626,"FRITZ!Box Fon WLAN 7360",-85
1402407437629,"Zy_private_CEXC",-88
1402407437631,"Duvel",-83
1402407437632,"ARJANHUIJZER-PC_Network-2.4G",-81
1402407437645,"Mr-Brown",-92
1402407437645,"CORRYHENK",-92
1402407437646,"Ziggo",-84
1402407437647,"",-88
1402407437647,"Gijsbrecht16",-91
1402407437660,"Tele2modem-internet",-84
1402407437661,"Ziggo",-90
1402407437661,"Ziggo60CCB",-89
1402407437662,"FRITZ!Box Fon WLAN 7360",-88
1402407437674,"SitecomA1834C",-87
1402407438056,"Wi-Fi-netwerk van R. Kaasenbrood",-56
1402407438058,"utrecht3515",-64
1402407438059,"SpeedTouch367917",-61
1402407438078,"Wi-Fi-netwerk van R. Kaasenbrood",-62
1402407438080,"Vlinder",-82
1402407438083,"FRITZ!Box Fon WLAN 7360",-85
1402407438086,"Zy_private_CEXC",-90
1402407438087,"Duvel",-83
1402407438105,"ARJANHUIJZER-PC_Network-2.4G",-81
1402407438106,"Mr-Brown",-92
1402407438107,"CORRYHENK",-92
1402407438107,"Ziggo",-84
1402407438108,"",-89
1402407438121,"Gijsbrecht16",-91
1402407438122,"Tele2modem-internet",-91
1402407438122,"Ziggo",-90
1402407438123,"Ziggo60CCB",-89
1402407438135,"FRITZ!Box Fon WLAN 7360",-88
1402407438136,"SitecomA1834C",-87
1402407438137,"Zy_private_E4XHWM",-91
1402407438512,"Wi-Fi-netwerk van R. Kaasenbrood",-56
1402407438528,"utrecht3515",-64
1402407438531,"SpeedTouch367917",-61
1402407438532,"Wi-Fi-netwerk van R. Kaasenbrood",-62
1402407438532,"Vlinder",-82
1402407438533,"FRITZ!Box Fon WLAN 7360",-85
1402407438546,"Zy_private_CEXC",-90
1402407438547,"Duvel",-83
1402407438547,"ARJANHUIJZER-PC_Network-2.4G",-81
1402407438548,"Mr-Brown",-92
1402407438549,"CORRYHENK",-92
1402407438562,"Ziggo",-84
1402407438563,"",-89
1402407438563,"Gijsbrecht16",-91
1402407438564,"Tele2modem-internet",-91
1402407438576,"Ziggo",-90
1402407438578,"Ziggo60CCB",-89
1402407438578,"FRITZ!Box Fon WLAN 7360",-88
1402407438579,"SitecomA1834C",-87
1402407438580,"Zy_private_E4XHWM",-91
1402407438977,"Wi-Fi-netwerk van R. Kaasenbrood",-56
1402407438978,"utrecht3515",-65
1402407438979,"SpeedTouch367917",-61
1402407438979,"Wi-Fi-netwerk van R. Kaasenbrood",-62
1402407438994,"Vlinder",-85
1402407438996,"FRITZ!Box Fon WLAN 7360",-88
1402407438998,"Zy_private_CEXC",-92
1402407438998,"Duvel",-83
1402407439014,"ARJANHUIJZER-PC_Network-2.4G",-84
1402407439014,"Mr-Brown",-90
1402407439015,"CORRYHENK",-92
1402407439016,"Ziggo",-84
1402407439031,"",-88
1402407439033,"Gijsbrecht16",-91
1402407439034,"Tele2modem-internet",-91
1402407439034,"Ziggo",-90
1402407439035,"Ziggo60CCB",-89
1402407439051,"FRITZ!Box Fon WLAN 7360",-88
1402407439052,"SitecomA1834C",-87
1402407439053,"Zy_private_E4XHWM",-91
1402407440051,"Wi-Fi-netwerk van R. Kaasenbrood",-56
1402407440053,"utrecht3515",-65
1402407440054,"SpeedTouch367917",-62
1402407440055,"Wi-Fi-netwerk van R. Kaasenbrood",-61
1402407440068,"Vlinder",-80
1402407440071,"FRITZ!Box Fon WLAN 7360",-85
1402407440072,"Zy_private_CEXC",-90
1402407440079,"Duvel",-79
1402407440094,"ARJANHUIJZER-PC_Network-2.4G",-84
1402407440095,"Mr-Brown",-90
1402407440095,"CORRYHENK",-92
1402407440096,"Ziggo",-79
1402407440109,"",-88
1402407440110,"Gijsbrecht16",-91
1402407440110,"Tele2modem-internet",-93
1402407440111,"Ziggo",-90
1402407440124,"Ziggo60CCB",-87
1402407440125,"FRITZ!Box Fon WLAN 7360",-88
1402407440125,"SitecomA1834C",-87
1402407440126,"Zy_private_E4XHWM",-91
1402407440139,"Westdijk Web",-91
1402407441208,"Wi-Fi-netwerk van R. Kaasenbrood",-59
1402407441210,"utrecht3515",-65
1402407441224,"SpeedTouch367917",-62
1402407441225,"Wi-Fi-netwerk van R. Kaasenbrood",-61
1402407441227,"Vlinder",-80
1402407441228,"FRITZ!Box Fon WLAN 7360",-85
1402407441243,"Zy_private_CEXC",-91
1402407441245,"Duvel",-79
1402407441246,"ARJANHUIJZER-PC_Network-2.4G",-84
1402407441247,"Mr-Brown",-89
1402407441260,"Ziggo",-79
1402407441261,"",-90
1402407441261,"Tele2modem-internet",-89
1402407441273,"Ziggo",-88
1402407441275,"Ziggo60CCB",-87
1402407441276,"FRITZ!Box Fon WLAN 7360",-88
1402407441277,"SitecomA1834C",-87
1402407441289,"Zy_private_E4XHWM",-91
1402407441291,"Westdijk Web",-91
1402407441292,"utrecht3515-2",-87
1402407442569,"Wi-Fi-netwerk van R. Kaasenbrood",-62
1402407442573,"utrecht3515",-67
1402407442575,"SpeedTouch367917",-62
1402407442576,"Wi-Fi-netwerk van R. Kaasenbrood",-61
1402407442590,"Vlinder",-83
1402407442592,"FRITZ!Box Fon WLAN 7360",-85
1402407442592,"Zy_private_CEXC",-89
1402407442608,"Duvel",-79
1402407442608,"ARJANHUIJZER-PC_Network-2.4G",-83
1402407442609,"Mr-Brown",-89
1402407442624,"Ziggo",-79
1402407442625,"",-89
1402407442626,"Tele2modem-internet",-84
1402407442627,"Ziggo",-88
1402407442644,"Ziggo60CCB",-87
1402407442645,"Zy_private_E4XHWM",-91
1402407442646,"Westdijk Web",-91
1402407442647,"utrecht3515-2",-87
1402407442661,"CORRYHENK",-93
1402407443795,"Wi-Fi-netwerk van R. Kaasenbrood",-58
1402407443797,"utrecht3515",-67
1402407443811,"SpeedTouch367917",-66
1402407443814,"Wi-Fi-netwerk van R. Kaasenbrood",-61
1402407443815,"Vlinder",-84
1402407443833,"FRITZ!Box Fon WLAN 7360",-87
1402407443835,"Zy_private_CEXC",-89
1402407443839,"Duvel",-79
1402407443841,"ARJANHUIJZER-PC_Network-2.4G",-83
1402407443875,"Mr-Brown",-89
1402407443877,"Ziggo",-79
1402407443879,"",-90
1402407443907,"Tele2modem-internet",-84
1402407443908,"Ziggo",-88
1402407443909,"Ziggo60CCB",-87
1402407443922,"Zy_private_E4XHWM",-90
1402407443922,"Westdijk Web",-91
1402407443923,"utrecht3515-2",-87
1402407443936,"CORRYHENK",-93
1402407443936,"tom hart",-92
1402407445168,"Wi-Fi-netwerk van R. Kaasenbrood",-57
1402407445170,"utrecht3515",-70
1402407445170,"SpeedTouch367917",-66
1402407445187,"Wi-Fi-netwerk van R. Kaasenbrood",-61
1402407445188,"Vlinder",-84
1402407445188,"FRITZ!Box Fon WLAN 7360",-87
1402407445201,"Zy_private_CEXC",-89
1402407445202,"Duvel",-79
1402407445202,"ARJANHUIJZER-PC_Network-2.4G",-83
1402407445215,"Mr-Brown",-89
1402407445216,"Ziggo",-79
1402407445216,"",-89
1402407445229,"Tele2modem-internet",-85
1402407445230,"Ziggo",-88
1402407445230,"Ziggo60CCB",-87
1402407445243,"Zy_private_E4XHWM",-90
1402407445244,"Westdijk Web",-91
1402407445244,"utrecht3515-2",-87
1402407445257,"CORRYHENK",-92
1402407445258,"tom hart",-92
1402407445258,"Online",-87
1402407446562,"Wi-Fi-netwerk van R. Kaasenbrood",-57
1402407446585,"utrecht3515",-70
1402407446586,"SpeedTouch367917",-67
1402407446586,"Wi-Fi-netwerk van R. Kaasenbrood",-65
1402407446600,"Vlinder",-84
1402407446600,"FRITZ!Box Fon WLAN 7360",-86
1402407446601,"Zy_private_CEXC",-89
1402407446614,"Duvel",-83
1402407446615,"ARJANHUIJZER-PC_Network-2.4G",-83
1402407446615,"Mr-Brown",-89
1402407446628,"Ziggo",-79
1402407446629,"",-88
1402407446630,"Tele2modem-internet",-88
1402407446643,"Ziggo",-88
1402407446643,"Ziggo60CCB",-87
1402407446644,"Zy_private_E4XHWM",-90
1402407446657,"Westdijk Web",-91
1402407446658,"utrecht3515-2",-87
1402407446658,"CORRYHENK",-92
1402407446671,"tom hart",-92
1402407446672,"Online",-87
1402407448063,"Wi-Fi-netwerk van R. Kaasenbrood",-57
1402407448064,"utrecht3515",-70
1402407448078,"SpeedTouch367917",-67
1402407448080,"Wi-Fi-netwerk van R. Kaasenbrood",-62
1402407448095,"Vlinder",-84
1402407448097,"FRITZ!Box Fon WLAN 7360",-86
1402407448099,"Zy_private_CEXC",-87
1402407448112,"Duvel",-83
1402407448113,"ARJANHUIJZER-PC_Network-2.4G",-83
1402407448113,"Mr-Brown",-91
1402407448126,"Ziggo",-80
1402407448127,"",-90
1402407448127,"Tele2modem-internet",-85
1402407448140,"Ziggo",-88
1402407448141,"Ziggo60CCB",-87
1402407448141,"Zy_private_E4XHWM",-91
1402407448154,"utrecht3515-2",-87
1402407448155,"CORRYHENK",-92
1402407448156,"tom hart",-92
1402407448169,"Online",-87
1402407449523,"Wi-Fi-netwerk van R. Kaasenbrood",-57
1402407449541,"utrecht3515",-68
1402407449543,"SpeedTouch367917",-67
1402407449546,"Wi-Fi-netwerk van R. Kaasenbrood",-62
1402407449562,"Vlinder",-84
1402407449565,"FRITZ!Box Fon WLAN 7360",-86
1402407449581,"Zy_private_CEXC",-88
1402407449584,"Duvel",-83
1402407449586,"ARJANHUIJZER-PC_Network-2.4G",-83
1402407449619,"Mr-Brown",-91
1402407449621,"Ziggo",-80
1402407449623,"",-90
1402407449654,"Tele2modem-internet",-85
1402407449655,"Ziggo60CCB",-87
1402407449667,"Zy_private_E4XHWM",-91
1402407449668,"utrecht3515-2",-83
1402407449680,"CORRYHENK",-90
1402407449681,"tom hart",-92
1402407449694,"Online",-87
1402407451082,"Wi-Fi-netwerk van R. Kaasenbrood",-57
1402407451095,"utrecht3515",-68
1402407451100,"SpeedTouch367917",-67
1402407451105,"Wi-Fi-netwerk van R. Kaasenbrood",-62
1402407451138,"Vlinder",-84
1402407451140,"FRITZ!Box Fon WLAN 7360",-87
1402407451161,"Zy_private_CEXC",-88
1402407451162,"Duvel",-81
1402407451176,"ARJANHUIJZER-PC_Network-2.4G",-83
1402407451177,"Mr-Brown",-91
1402407451190,"Ziggo",-80
1402407451190,"",-88
1402407451204,"Tele2modem-internet",-85
1402407451205,"Zy_private_E4XHWM",-91
1402407451222,"utrecht3515-2",-83
1402407451223,"CORRYHENK",-90
1402407451239,"tom hart",-92
1402407451240,"Online",-87
1402407451257,"H220N8068C4",-88
1402407452757,"Wi-Fi-netwerk van R. Kaasenbrood",-57
1402407452758,"utrecht3515",-68
1402407452771,"SpeedTouch367917",-65
1402407452775,"Wi-Fi-netwerk van R. Kaasenbrood",-62
1402407452775,"FRITZ!Box Fon WLAN 7360",-88
1402407452790,"Zy_private_CEXC",-88
1402407452791,"Duvel",-81
1402407452791,"ARJANHUIJZER-PC_Network-2.4G",-83
1402407452804,"Mr-Brown",-91
1402407452805,"Ziggo",-82
1402407452806,"",-88
1402407452820,"Tele2modem-internet",-85
1402407452821,"Zy_private_E4XHWM",-91
1402407452822,"utrecht3515-2",-83
1402407452835,"CORRYHENK",-90
1402407452835,"tom hart",-93
1402407452848,"H220N8068C4",-88
1402407454340,"Wi-Fi-netwerk van R. Kaasenbrood",-57
1402407454360,"utrecht3515",-68
1402407454363,"SpeedTouch367917",-62
1402407454366,"Wi-Fi-netwerk van R. Kaasenbrood",-62
1402407454381,"FRITZ!Box Fon WLAN 7360",-88
1402407454383,"Zy_private_CEXC",-88
1402407454384,"Duvel",-82
1402407454397,"Mr-Brown",-91
1402407454398,"Ziggo",-82
1402407454411,"",-88
1402407454413,"Tele2modem-internet",-89
1402407454414,"Zy_private_E4XHWM",-91
1402407454427,"utrecht3515-2",-83
1402407454429,"CORRYHENK",-90
1402407454429,"tom hart",-93
1402407454442,"H220N8068C4",-88
1402407456017,"Wi-Fi-netwerk van R. Kaasenbrood",-60
1402407456054,"utrecht3515",-68
1402407456055,"SpeedTouch367917",-71
1402407456055,"Wi-Fi-netwerk van R. Kaasenbrood",-61
1402407456071,"FRITZ!Box Fon WLAN 7360",-87
1402407456071,"Zy_private_CEXC",-79
1402407456084,"Duvel",-81
1402407456085,"Ziggo",-82
1402407456086,"",-88
1402407456098,"Tele2modem-internet",-89
1402407456099,"utrecht3515-2",-83
1402407456099,"CORRYHENK",-90
1402407456112,"tom hart",-93
1402407456113,"H220N8068C4",-88
1402407457655,"Wi-Fi-netwerk van R. Kaasenbrood",-56
1402407457657,"utrecht3515",-68
1402407457671,"SpeedTouch367917",-63
1402407457673,"Wi-Fi-netwerk van R. Kaasenbrood",-61
1402407457712,"FRITZ!Box Fon WLAN 7360",-88
1402407457715,"Zy_private_CEXC",-87
1402407457717,"Duvel",-78
1402407457749,"Ziggo",-82
1402407457752,"",-90
1402407457754,"Tele2modem-internet",-89
1402407457767,"CORRYHENK",-90
1402407457768,"tom hart",-93
1402407457769,"H220N8068C4",-88
1402407457781,"Mr-Brown",-89
1402407459406,"Wi-Fi-netwerk van R. Kaasenbrood",-56
1402407459424,"utrecht3515",-68
1402407459425,"SpeedTouch367917",-63
1402407459425,"Wi-Fi-netwerk van R. Kaasenbrood",-61
1402407459439,"FRITZ!Box Fon WLAN 7360",-87
1402407459439,"Zy_private_CEXC",-88
1402407459452,"Duvel",-78
1402407459453,"Ziggo",-82
1402407459454,"",-90
1402407459466,"Tele2modem-internet",-89
1402407459467,"CORRYHENK",-90
1402407459468,"tom hart",-93
1402407459480,"Mr-Brown",-89
1402407459482,"Scheteris",-88
1402407459483,"FRITZ!Box Guest Access",-88
1402407461191,"Wi-Fi-netwerk van R. Kaasenbrood",-56
1402407461193,"utrecht3515",-69
1402407461209,"SpeedTouch367917",-63
1402407461215,"Wi-Fi-netwerk van R. Kaasenbrood",-61
1402407461247,"FRITZ!Box Fon WLAN 7360",-87
1402407461250,"Zy_private_CEXC",-88
1402407461252,"Duvel",-78
1402407461266,"",-89
1402407461267,"Tele2modem-internet",-89
1402407461268,"CORRYHENK",-90
1402407461280,"Mr-Brown",-90
1402407461281,"Scheteris",-88
1402407461282,"FRITZ!Box Guest Access",-88
1402407461295,"ARJANHUIJZER-PC_Network-2.4G",-81
1402407461296,"Vlinder",-82
1402407461308,"FRITZ!Box Fon WLAN 7360",-87
1402407463031,"Wi-Fi-netwerk van R. Kaasenbrood",-60
1402407463033,"utrecht3515",-69
1402407463048,"SpeedTouch367917",-63
1402407463050,"Wi-Fi-netwerk van R. Kaasenbrood",-61
1402407463066,"FRITZ!Box Fon WLAN 7360",-87
1402407463067,"Zy_private_CEXC",-91
1402407463068,"Duvel",-81
1402407463084,"",-90
1402407463085,"CORRYHENK",-90
1402407463100,"Mr-Brown",-90
1402407463101,"Scheteris",-88
1402407463116,"FRITZ!Box Guest Access",-88
1402407463117,"ARJANHUIJZER-PC_Network-2.4G",-81
1402407463129,"Vlinder",-82
1402407463130,"FRITZ!Box Fon WLAN 7360",-87
1402407463143,"Ziggo",-83
